mfcc0_mean,mfcc0_std,mfcc1_mean,mfcc1_std,mfcc2_mean,mfcc2_std,mfcc3_mean,mfcc3_std,mfcc4_mean,mfcc4_std,mfcc5_mean,mfcc5_std,mfcc6_mean,mfcc6_std,mfcc7_mean,mfcc7_std,mfcc8_mean,mfcc8_std,mfcc9_mean,mfcc9_std,mfcc10_mean,mfcc10_std,mfcc11_mean,mfcc11_std,mfcc12_mean,mfcc12_std,contrast0_mean,contrast1_mean,contrast2_mean,contrast3_mean,contrast4_mean,contrast5_mean,contrast6_mean,centroid_mean,centroid_std,bandwidth_mean,rolloff_mean,zcr_mean,rms_mean,rms_max,dbfs_mean,dbfs_max,dbfs_std,label,file
-514.5960693359375,118.12584686279297,66.33668518066406,26.625455856323242,8.456238746643066,18.296289443969727,19.375091552734375,15.026315689086914,-6.512701511383057,12.54007625579834,2.8047006130218506,9.662169456481934,-1.5574430227279663,8.841032981872559,-1.3625600337982178,8.774542808532715,-0.5878357887268066,7.164945602416992,3.00339412689209,6.562716007232666,-2.505613088607788,6.063194751739502,3.4958715438842773,6.868898868560791,-3.088941812515259,5.792939186096191,15.841473540642529,11.410729842614206,13.081303805031204,13.278260362675889,14.025694587255424,14.851830354545632,46.07483767782323,3195.0520043371876,774.476862016544,2867.3815449895815,6704.009461771962,0.18709032749613003,0.003641837975010276,0.045472320169210434,-59.006893157958984,-26.84505844116211,12.43319320678711,heavy_adult_footstep,N-10_220826_A_1_a_00703.wav
-200.1256561279297,78.11856079101562,47.60817337036133,25.22736167907715,-67.50684356689453,35.1842155456543,-1.1328999996185303,15.813687324523926,-10.573896408081055,13.886584281921387,3.131986141204834,10.528310775756836,-9.065532684326172,10.38293170928955,1.0619882345199585,10.8504056930542,2.1156184673309326,9.530001640319824,3.2385647296905518,7.672510147094727,-3.885164260864258,6.94053840637207,0.7163861393928528,7.041175842285156,-7.931524276733398,6.889812469482422,31.924553272787644,11.766768120730324,14.468091125891656,14.764995219702781,16.059687660228725,16.423932254481947,48.11430986263421,2995.7065656801656,614.5964828740691,2229.183453856133,5353.934292158475,0.21347792303599072,0.037506911903619766,0.10730230808258057,-30.97243309020996,-19.387819290161133,7.33164644241333,heavy_adult_footstep,N-10_220831_A_1_a_00962.wav
-251.68881225585938,103.7027816772461,3.6088461875915527,34.53734588623047,-3.017096757888794,20.845027923583984,34.69641876220703,16.977123260498047,15.73320484161377,13.947322845458984,12.048887252807617,10.345848083496094,6.3045220375061035,9.184615135192871,7.02719259262085,8.772210121154785,3.4095613956451416,7.985496520996094,5.212916851043701,7.38720178604126,-0.18424203991889954,6.981617450714111,2.3319835662841797,6.043648719787598,-3.0825297832489014,5.720101356506348,24.32775032678473,11.73319035559673,12.543183299608948,13.640255351541562,14.33053608772059,14.909976356029537,45.44610136379618,4339.407509738601,810.9270729408909,2907.58540024479,7946.50194858988,0.29467395510835914,0.03584132343530655,0.22291666269302368,-34.73455810546875,-13.037149429321289,10.679689407348633,heavy_adult_footstep,N-10_220902_A_1_a_00884.wav
-478.88458251953125,108.56558227539062,20.80004119873047,28.39203643798828,7.090791702270508,18.614351272583008,16.663219451904297,10.987322807312012,6.780017852783203,11.031561851501465,12.548373222351074,9.44790267944336,2.273008108139038,8.213077545166016,3.6527817249298096,7.19133996963501,1.862099289894104,7.434559345245361,3.2991206645965576,6.729038238525391,-1.7263529300689697,7.052980899810791,1.6326128244400024,7.374204158782959,-4.820803642272949,6.281431198120117,26.832077474646425,11.656591846321872,13.333783081942963,13.659353101514325,14.930045491477747,14.973932636167573,46.060078591175944,4469.008830841779,758.5342363575309,3070.3275644368164,8284.54990446014,0.32238353811919507,0.0024718039203435183,0.019768403843045235,-57.33152389526367,-34.08056640625,9.801643371582031,heavy_adult_footstep,N-10_220904_A_1_a_00920.wav
-356.041015625,100.35264587402344,72.0777587890625,30.977508544921875,38.29654312133789,20.50556182861328,30.451539993286133,14.153946876525879,8.786410331726074,12.027170181274414,14.829697608947754,9.84009075164795,7.3632659912109375,9.301124572753906,5.548277378082275,9.759031295776367,2.7739689350128174,8.622844696044922,5.401412487030029,9.330462455749512,0.7356519103050232,8.951226234436035,2.7476978302001953,7.359980583190918,0.6553730964660645,7.787745952606201,21.623526870530082,11.493592099294384,14.245030108116017,13.801687435777195,14.495158483050494,14.784052415804624,45.47822120045506,2659.446807687813,993.9688526499243,2954.929202391197,6245.612233637287,0.11064710115131579,0.025862446054816246,0.219574436545372,-37.495216369628906,-13.168364524841309,11.174884796142578,heavy_adult_footstep,N-10_220905_A_1_a_00378.wav
-327.17840576171875,137.0911102294922,60.234127044677734,27.682260513305664,-17.783647537231445,22.00433349609375,-7.086106777191162,15.100619316101074,-19.325199127197266,17.32524871826172,-5.1111226081848145,11.889480590820312,-8.367523193359375,8.719661712646484,-6.559174060821533,7.194839000701904,-15.399134635925293,7.64155387878418,-8.63724422454834,6.846577167510986,-9.711748123168945,7.249251842498779,-4.56274938583374,6.561831951141357,-9.700629234313965,6.255720138549805,17.183831491621035,10.71858285458117,12.328904383368412,14.000396919343657,14.249016099526454,14.563885636535199,46.23831970042941,3243.134468124307,819.1555472230496,2758.151623430308,6551.527050478909,0.24915495597910217,0.01805245317518711,0.1035325899720192,-42.07670211791992,-19.69845962524414,12.787388801574707,heavy_adult_footstep,N-10_220905_A_1_a_00536.wav
-191.61703491210938,82.46542358398438,4.039179801940918,31.801542282104492,3.5335726737976074,23.77037811279297,37.467533111572266,16.239011764526367,8.627877235412598,14.418659210205078,17.94310188293457,12.14492416381836,12.227911949157715,9.566959381103516,15.282766342163086,8.999007225036621,7.864546775817871,7.737791538238525,10.054766654968262,7.261433124542236,1.1751891374588013,6.604897975921631,3.653886556625366,6.081213474273682,-3.2015039920806885,5.494397163391113,24.665864094510837,12.977592751522774,13.509344536179828,12.871197153766959,14.426826271656966,14.48897332171468,46.257160661322764,4235.909955776506,711.6241603931437,2889.57079785398,7762.85305908959,0.25569384312113,0.04857682064175606,0.24491260945796967,-28.50066566467285,-12.21977710723877,6.4238152503967285,heavy_adult_footstep,N-10_220907_A_1_a_00370.wav
-326.69049072265625,153.26058959960938,49.842708587646484,22.47614860534668,20.987607955932617,14.397284507751465,17.723058700561523,11.031270980834961,9.120296478271484,7.447716236114502,12.3407564163208,8.297804832458496,6.93157434463501,6.363603115081787,5.565732955932617,7.067476272583008,3.942702531814575,5.636070728302002,3.840897798538208,6.01747465133667,1.679120659828186,5.959469795227051,1.257158637046814,5.210959434509277,-1.9500868320465088,4.876515865325928,23.476380647927247,11.342156076107193,12.8977488819195,13.096820745538867,14.088342209748111,13.98781252547232,45.2459312126158,3194.8129199215377,838.8541254688379,3034.724051870115,7010.740940342009,0.15268086058436534,0.04577251151204109,0.31374189257621765,-41.71614456176758,-10.068550109863281,17.4634952545166,heavy_adult_footstep,N-10_220910_A_1_a_00402.wav
-461.14031982421875,55.63526153564453,66.49281311035156,26.923358917236328,53.07963180541992,21.525331497192383,26.70802879333496,14.57431411743164,20.89801597595215,8.387286186218262,30.67125129699707,12.506489753723145,18.237876892089844,7.891416072845459,17.7955265045166,7.782247543334961,16.20045280456543,6.831440448760986,15.486638069152832,7.409262180328369,9.615226745605469,5.692498683929443,10.446317672729492,5.573817729949951,4.357358932495117,4.8826422691345215,22.75138610465481,13.595727491868159,12.655581812124376,13.227302897228242,14.160146315526328,14.706268214274152,45.496092722199705,2113.036995112813,1082.09692704345,2897.5205431696736,5261.768182807663,0.06346598055340558,0.02464989386498928,0.11027847975492477,-38.06301498413086,-19.150184631347656,13.056900978088379,heavy_adult_footstep,N-10_220913_A_1_a_00410.wav
-377.3233947753906,72.89878845214844,60.03734588623047,26.07419204711914,23.666784286499023,14.060235023498535,23.79107093811035,13.316282272338867,15.92936897277832,8.71120548248291,16.3445987701416,8.95583724975586,9.434831619262695,7.787832260131836,8.169692039489746,7.979055404663086,8.1520414352417,7.093352794647217,7.47935152053833,6.27787446975708,1.6139545440673828,6.567286968231201,1.6883121728897095,7.070291042327881,0.10398458689451218,5.766059875488281,14.962696815528101,10.857342543830102,12.75697719713744,12.771067253371541,14.547289399714163,14.56048278692733,46.193468448358225,3039.406562847706,998.3860688428728,3039.426713286366,6816.375448976877,0.12576492356811145,0.013108293525874615,0.2604263722896576,-43.50471115112305,-11.686301231384277,9.456562995910645,heavy_adult_footstep,N-10_220914_A_1_a_00035.wav
-588.5120849609375,73.83277893066406,81.94092559814453,19.23511505126953,35.000301361083984,12.561853408813477,12.309160232543945,6.6355767250061035,9.878868103027344,7.566834926605225,14.825557708740234,7.970550537109375,17.452756881713867,5.9375410079956055,16.598941802978516,5.744631767272949,11.738813400268555,5.7674760818481445,7.389040946960449,4.935175895690918,5.608954906463623,4.569295406341553,4.240155220031738,3.792795181274414,2.8211615085601807,3.972919464111328,22.658494875700008,11.764308686516028,13.60784039266966,14.708640791759324,14.902687693413027,14.0818871181452,44.619418538245995,1508.8706001948156,418.735117634766,2494.337251888109,3437.895878180631,0.03167478957043344,0.00413453159853816,0.06297867745161057,-58.40037155151367,-24.016130447387695,10.830227851867676,heavy_adult_footstep,N-10_220919_A_1_a_00054.wav
-304.5928955078125,129.53775024414062,-5.431037425994873,33.326053619384766,-18.55147361755371,23.997314453125,2.3965933322906494,21.16971206665039,25.024639129638672,15.438636779785156,16.83853530883789,10.787618637084961,8.409279823303223,9.471785545349121,12.319793701171875,8.387110710144043,2.5405328273773193,7.973985195159912,4.8323469161987305,7.509840965270996,1.06775963306427,6.537835597991943,4.963362216949463,5.406582832336426,0.902003824710846,5.930355548858643,15.376734404522733,11.026751549462753,12.814656106912393,14.63994752233341,15.239784209735339,14.734618125731092,43.63447545346958,4807.530778522706,815.9358924614041,3086.9595589701753,8645.79772004402,0.3575042630127709,0.018509548157453537,0.06591610610485077,-39.85601806640625,-23.620168685913086,11.395123481750488,heavy_adult_footstep,N-10_220921_A_1_a_00077.wav
-324.6990966796875,126.24945831298828,34.78324890136719,19.14534568786621,0.8728407025337219,14.022917747497559,17.906553268432617,9.635555267333984,-9.59882640838623,11.687711715698242,-0.5413942337036133,10.388631820678711,-6.874629497528076,10.261635780334473,-3.7169065475463867,9.305076599121094,-5.973423480987549,8.403281211853027,-2.7877702713012695,6.398484706878662,-6.009670257568359,5.402069568634033,-0.2630983591079712,5.938037872314453,-5.414340496063232,6.0020928382873535,31.343961248733116,10.863501510660834,13.462053873622132,13.490002290101483,14.35609386464008,14.82014959947962,46.67816380389782,3984.8954293559364,574.9574330434959,2934.680421674864,7600.537373923665,0.29298008779992263,0.016085302457213402,0.15497316420078278,-44.739078521728516,-16.194869995117188,12.289356231689453,heavy_child_footstep,N-10_220902_A_1_b_01581.wav
-153.78414916992188,75.00164031982422,74.7303237915039,25.764982223510742,-35.70647430419922,29.013696670532227,-16.61400032043457,13.462085723876953,-26.608510971069336,11.412726402282715,-5.520205497741699,8.602326393127441,-9.63728141784668,10.292403221130371,-0.5172796249389648,7.085365295410156,-4.860447406768799,7.578400611877441,0.1539456844329834,6.9623894691467285,-1.2982958555221558,6.917029857635498,2.5788445472717285,6.415158748626709,-5.584364414215088,6.409979343414307,31.30265500966981,11.718088367311898,14.972899407407446,14.462063105910183,15.535714928162422,15.232239047696504,47.12907965848683,2781.5005467380647,775.7012839157742,2475.5897764574106,5529.899894785217,0.17338217153637772,0.05598624423146248,0.1601717621088028,-27.38962173461914,-15.908281326293945,7.043591499328613,heavy_child_footstep,N-10_220903_A_1_b_01338.wav
-349.9859619140625,159.48086547851562,-8.392112731933594,41.728538513183594,13.220240592956543,31.734189987182617,34.29439163208008,25.126829147338867,4.257989406585693,17.382606506347656,18.35686683654785,14.901443481445312,7.943004131317139,12.085779190063477,9.194863319396973,10.82789134979248,8.142237663269043,9.461624145507812,8.38243293762207,8.015909194946289,2.1187374591827393,8.805724143981934,7.925796985626221,7.430309295654297,1.6773772239685059,7.23870325088501,19.995573830024323,11.726088046949986,11.946102068492587,12.633377055578872,14.8486949329781,15.05033211563088,46.25252856149908,4481.071139702896,1158.1346387795509,2798.1381228239,7763.886386174536,0.3009702133320433,0.026966499164700508,0.1692739874124527,-38.80624008178711,-15.42819595336914,13.029515266418457,heavy_child_footstep,N-10_220906_A_1_b_01289.wav
-450.10302734375,155.8689727783203,40.1841926574707,25.845796585083008,8.426977157592773,19.848094940185547,14.576138496398926,12.378469467163086,7.1811370849609375,9.889116287231445,16.583829879760742,10.266620635986328,12.504199981689453,9.393199920654297,15.486018180847168,9.543069839477539,14.760705947875977,7.903641700744629,11.032293319702148,6.419963836669922,6.001737594604492,6.26584005355835,9.343605995178223,6.484577178955078,2.633249521255493,5.410915374755859,20.20243497339521,11.87622967508089,12.925528877992841,12.77572200154276,13.839831077736164,13.88041794790718,44.887811307399765,3553.6802809817686,852.5568749833174,3112.2316464375895,7543.754383949304,0.14103618421052633,0.009154561907052994,0.06518422812223434,-50.06444549560547,-23.717151641845703,13.953402519226074,heavy_child_footstep,N-10_220906_A_1_b_01924.wav
-495.6165466308594,154.9083709716797,39.46407699584961,31.22318458557129,11.345755577087402,22.88093376159668,13.413535118103027,16.682861328125,6.847052097320557,10.753122329711914,13.842126846313477,10.504532814025879,6.955499172210693,9.241199493408203,9.167330741882324,9.145113945007324,6.430187702178955,7.259809970855713,5.242496490478516,5.919134616851807,1.4359002113342285,6.293760776519775,4.837907314300537,5.48269510269165,-1.5446217060089111,5.6030683517456055,18.30834559854145,11.242799585263413,12.861701435230206,12.596584309292249,13.93176553249539,13.713123777537188,45.36919925391542,3923.8515726392384,926.4263463037377,3108.987102560109,7815.002743747581,0.21862906346749225,0.005027951672673225,0.09509589523077011,-56.6837158203125,-20.436763763427734,13.664799690246582,heavy_child_footstep,N-10_220906_A_1_b_01936.wav
-328.9191589355469,162.83380126953125,40.50190353393555,23.162675857543945,21.3951416015625,15.547928810119629,29.217483520507812,15.300822257995605,9.463996887207031,10.12429141998291,11.954736709594727,9.479937553405762,11.027079582214355,8.454097747802734,9.755800247192383,7.862019062042236,5.2953572273254395,6.590596675872803,5.552079677581787,6.349874973297119,2.8559627532958984,6.015267848968506,4.327174663543701,6.307374477386475,1.6036057472229004,6.237234115600586,23.266935167101973,12.210984017447936,12.534475035151571,13.267297423973057,14.058830746140123,14.367871679946479,45.5355669803771,3545.133528798311,736.2963985210487,3118.1168214770614,7496.804667847813,0.17217885303792568,0.04397699609398842,0.26057419180870056,-40.29949188232422,-11.681373596191406,17.888208389282227,heavy_child_footstep,N-10_220910_A_1_b_01366.wav
-373.8490905761719,176.89862060546875,24.2677059173584,38.59855270385742,5.944927215576172,32.18393325805664,28.63949966430664,19.730484008789062,7.283709526062012,16.999174118041992,17.096269607543945,14.33060359954834,7.842094898223877,11.116168975830078,9.650501251220703,9.378795623779297,6.557317733764648,8.967432975769043,8.308137893676758,8.812353134155273,4.008415699005127,8.333730697631836,5.891140937805176,6.633214950561523,1.2389580011367798,7.629741191864014,20.476764351530043,11.956318447238187,12.969413981831826,13.437406013419638,14.654358643999204,14.549034961961823,46.940088819704506,3611.6537945297723,1241.43281202436,2777.9296820813993,6820.392091355457,0.20464728860294118,0.029730282723903656,0.22712676227092743,-42.51219177246094,-12.8746337890625,16.729265213012695,heavy_child_footstep,N-10_220911_A_1_b_01256.wav
-298.9903869628906,133.47958374023438,48.13157272338867,32.645057678222656,27.8264102935791,23.35480499267578,31.95937728881836,19.37733268737793,12.509851455688477,11.934453010559082,16.42576026916504,11.438506126403809,10.393939018249512,8.965249061584473,7.24209451675415,7.3709001541137695,4.639242649078369,7.868913173675537,6.2092437744140625,6.5150017738342285,0.35748356580734253,6.5594282150268555,4.401446342468262,6.431155204772949,0.12298981100320816,5.808992862701416,25.51580794696323,11.837048616444337,13.304878899137819,12.976685027538311,14.283085181684019,14.458181913682873,46.16554870552448,3215.390104157117,917.6051870844744,3088.623210337638,7113.123654581076,0.12752379426277088,0.061539143323898315,0.335934042930603,-34.05271530151367,-9.474920272827148,14.607383728027344,heavy_child_footstep,N-10_220911_A_1_b_01369.wav
-269.6240234375,116.90380859375,84.3658218383789,28.715351104736328,-29.010841369628906,22.289167404174805,11.896848678588867,12.414884567260742,-14.60977840423584,13.884099006652832,-5.462401390075684,9.941146850585938,-13.405399322509766,8.827314376831055,-0.9115571975708008,7.7915120124816895,-4.889348030090332,6.7142558097839355,-0.9906622767448425,6.940230846405029,-4.182786464691162,6.442012786865234,-0.07720911502838135,6.921696662902832,-5.8847222328186035,6.493284225463867,26.62259599904866,11.508045393150024,13.093244807598019,14.320213683707603,14.782467993457377,15.540292817358406,47.720877925832816,2640.545274979667,702.8421832192772,2350.6919118534843,5152.068846144543,0.16830056961106812,0.023289306089282036,0.11948385089635849,-38.33655548095703,-18.453815460205078,10.92781925201416,heavy_child_footstep,N-10_220923_A_1_b_01401.wav
-273.3771667480469,95.82212829589844,78.85729217529297,19.860624313354492,-19.161258697509766,14.942269325256348,20.68507194519043,12.15792179107666,-20.335569381713867,14.047426223754883,2.3315112590789795,8.420170783996582,-9.991572380065918,8.932602882385254,-2.284212112426758,6.941321849822998,-7.856509685516357,7.174959659576416,-5.69989538192749,6.514123916625977,-8.523896217346191,6.7319865226745605,0.5320124626159668,6.522274971008301,-7.97455358505249,6.074406623840332,24.29450885990207,11.12620919940969,12.938380949004033,13.980002050076092,14.492500823557329,15.196758138558945,49.02104269400804,2758.220770839331,463.2365812675834,2447.88118956251,5476.150219802148,0.16868076383513933,0.015774302184581757,0.06458795070648193,-39.35274887084961,-23.79697036743164,8.296968460083008,heavy_child_footstep,N-10_220928_A_1_b_01139.wav
-201.7672882080078,141.70709228515625,34.81282043457031,23.733919143676758,-37.841453552246094,18.568370819091797,14.58858871459961,12.020251274108887,-20.992231369018555,11.696521759033203,0.25125253200531006,10.190415382385254,-10.354209899902344,9.884404182434082,-0.1532595306634903,7.168032169342041,-3.1829702854156494,7.201842308044434,1.7001965045928955,6.678609371185303,-3.9868216514587402,5.052623271942139,2.594172954559326,5.145278453826904,-4.575891971588135,5.356724262237549,25.853508054180363,10.59705848646441,12.617349883504136,12.958597153400229,14.220870712374593,15.090330454322899,48.82004173132612,3558.7916240828736,423.3017941961626,2471.3775973841944,6321.195109931308,0.26871946352554177,0.04558945074677467,0.20971235632896423,-34.04288864135742,-13.567520141601562,12.397143363952637,heavy_child_footstep,N-10_220929_A_1_b_01322.wav
-434.4795837402344,171.10305786132812,53.432518005371094,19.023962020874023,9.172813415527344,20.841968536376953,15.878973007202148,8.442806243896484,-3.326465606689453,11.324694633483887,6.5483245849609375,8.6341552734375,7.812105655670166,7.853343486785889,4.262948513031006,6.478343486785889,-2.278015613555908,6.630642890930176,2.0809433460235596,6.8498945236206055,-2.1027653217315674,6.5107102394104,2.7951221466064453,5.983623504638672,0.6058001518249512,6.024659156799316,23.101288893446977,10.588819484256831,12.62822483873846,13.439845049989694,14.097546347222421,14.824559640015954,45.79671524357621,3463.2678999744476,421.09071249882925,3020.0887289151206,7346.538909817627,0.1826512008997678,0.009209668263792992,0.058360930532217026,-52.06004333496094,-24.67755889892578,15.301016807556152,heavy_child_footstep,N-10_220929_A_1_b_01963.wav
-244.52500915527344,93.57526397705078,145.1298828125,21.0405330657959,-41.58651351928711,21.225067138671875,-3.811150312423706,8.390625,-10.145301818847656,8.953431129455566,-5.421772003173828,7.108858108520508,-20.08973503112793,6.184737682342529,-13.484150886535645,7.191672325134277,-8.698944091796875,7.629138469696045,0.4508472979068756,5.986522674560547,-11.064692497253418,6.575098991394043,-10.81330394744873,6.396536350250244,-16.63077163696289,9.250235557556152,32.07335939465448,10.221093897250222,13.712834758294939,15.025415530633644,18.512639301102514,16.87826421022629,47.4567247465994,1538.176555065034,372.6190539236761,1652.5281100133982,2587.1676890842687,0.09584673713235294,0.04471369460225105,0.13027125597000122,-29.77910041809082,-17.703027725219727,7.820345401763916,heavy_hammering,N-10_220901_A_1_c_02686.wav
-320.9151306152344,81.21075439453125,149.12852478027344,23.601099014282227,-7.185266494750977,22.30122184753418,-3.9174017906188965,13.000776290893555,-15.50243854522705,8.54459285736084,-8.122603416442871,7.698946475982666,-16.708637237548828,6.481888294219971,-19.054285049438477,7.496506214141846,-15.314287185668945,7.288730144500732,-10.301276206970215,6.453340530395508,-8.768712997436523,7.728294372558594,-5.2124762535095215,5.60794734954834,-12.792865753173828,6.702171802520752,32.888571848001085,11.54411825318602,14.758659539177314,15.534208209551858,16.795845586585745,15.756438893380825,46.171736072022405,1348.0510048147098,411.00704290745983,1764.8886836141235,2325.569270934114,0.0682543113873839,0.029257168993353844,0.13034193217754364,-33.50516891479492,-17.698318481445312,7.565382957458496,heavy_hammering,N-10_220901_A_1_c_02687.wav
-257.03802490234375,134.52818298339844,82.14401245117188,27.23841094970703,-41.721736907958984,24.58192253112793,13.443863868713379,8.931835174560547,-13.002092361450195,13.371000289916992,-1.6412818431854248,9.536036491394043,-11.374795913696289,8.461831092834473,-7.4471755027771,7.7064127922058105,-16.955490112304688,8.645353317260742,-12.376263618469238,8.198079109191895,-15.854362487792969,7.677667617797852,-9.923397064208984,5.862105846405029,-15.124261856079102,7.6125335693359375,34.63027670839245,12.121782103967975,13.5272979417121,13.49420348866315,14.431447971708284,16.426336397899142,49.354270750455896,2490.6650813435667,633.4961226974173,2217.5213414817636,4744.521310528735,0.15781461638931887,0.03606101870536804,0.15208420157432556,-34.99977493286133,-16.358318328857422,11.957537651062012,heavy_hammering,N-10_220903_A_1_c_02538.wav
-260.0216064453125,118.29544830322266,119.0362548828125,27.00356101989746,-16.026016235351562,20.955524444580078,19.23002815246582,12.548646926879883,-7.220428943634033,11.179234504699707,5.50844669342041,12.47214126586914,-5.731830596923828,11.576581954956055,-2.2031643390655518,7.52516508102417,-1.5036883354187012,7.997730731964111,1.1660069227218628,7.537510871887207,-4.618618488311768,8.134580612182617,-0.8405719995498657,6.062664985656738,-8.228073120117188,6.327873229980469,32.23671079930624,11.888860239750594,12.567536927853634,13.812121582561083,15.560760058112102,15.94839061582641,47.57611542103924,1850.0856621316743,567.4071388361812,2105.5166644877067,3795.510382401316,0.08291484254063468,0.040450699627399445,0.13190148770809174,-32.18213653564453,-17.595006942749023,9.563206672668457,heavy_hammering,N-10_220904_A_1_c_03083.wav
-408.6221923828125,224.92123413085938,25.45503044128418,21.363183975219727,-30.467025756835938,30.120519638061523,5.3210625648498535,7.085579872131348,-13.872434616088867,17.140140533447266,-10.003925323486328,12.27980899810791,-5.221725940704346,12.639466285705566,5.844776630401611,7.249870300292969,-1.1631901264190674,8.284503936767578,0.25539207458496094,7.0519185066223145,2.267437696456909,7.500439643859863,-0.03519900143146515,5.118851661682129,-5.250073432922363,7.733502388000488,14.385332896536845,10.725253599253485,13.91921335199486,14.3558149257348,14.931378551504297,15.441890687631163,46.73838480835006,3290.2622063869385,356.4288701170605,2544.6782552319864,6222.9123709002515,0.22046276364164086,0.03838329017162323,0.2660231292247772,-53.99620819091797,-11.501612663269043,24.37296485900879,heavy_hammering,N-10_220905_A_1_c_02895.wav
-217.89227294921875,224.98159790039062,66.34271240234375,31.696388244628906,-15.343992233276367,16.44369888305664,18.570146560668945,14.580036163330078,-6.850092887878418,15.100802421569824,-0.7639504671096802,7.729272365570068,-10.713358879089355,10.501884460449219,-8.210104942321777,8.412156105041504,-5.331056594848633,8.851194381713867,1.5644162893295288,6.126562118530273,0.43240270018577576,6.365991592407227,3.0805275440216064,4.9531025886535645,0.4584311842918396,5.680590629577637,15.584448371757087,10.130106432985528,13.809603262054866,13.024766574300754,14.137453430460896,15.36572468676128,47.65527386533491,2740.15992445632,427.9232817109426,2458.022563995138,5502.416727638835,0.14817219548181115,0.1441219598054886,0.40460851788520813,-30.96713638305664,-7.859299659729004,20.952064514160156,heavy_hammering,N-10_220908_A_1_c_02731.wav
-391.9939880371094,233.8686065673828,37.65780258178711,33.166255950927734,-4.318826675415039,20.14267349243164,16.043832778930664,16.909698486328125,4.029060363769531,19.583477020263672,6.0107574462890625,8.447139739990234,0.6592892408370972,9.878171920776367,6.2533650398254395,4.419422626495361,5.942617416381836,5.552094459533691,6.44028902053833,3.8001859188079834,2.6239585876464844,4.842624187469482,2.5802667140960693,3.7616257667541504,1.5005935430526733,3.6155660152435303,16.841894472189484,10.865809996748947,13.070978675311034,13.575366398620158,14.11413581205896,14.947512012949758,48.51157349752219,3104.077061004226,775.6980121545951,2833.9659979493704,6519.943908124516,0.17894676373839008,0.06500244140625,0.436877965927124,-51.840152740478516,-7.192797660827637,24.541746139526367,heavy_hammering,N-10_220908_A_1_c_02750.wav
-271.4960021972656,172.14599609375,126.24951934814453,50.56532287597656,-6.299058437347412,15.967184066772461,18.798734664916992,13.343926429748535,6.269006729125977,11.82145881652832,9.77629566192627,6.336818695068359,2.4320878982543945,9.80788516998291,2.229569435119629,7.69659423828125,7.527181148529053,7.296672821044922,4.269858360290527,8.286959648132324,7.76206636428833,3.4628403186798096,1.2530221939086914,5.347722053527832,2.206461191177368,3.636512041091919,18.896288254561192,10.242122348694467,12.562571315350263,14.227581366593038,15.002862668223965,15.503518044355577,47.04891741662374,1407.8134298464777,440.49025443141943,1791.2407430245198,2793.7497732440015,0.052325458349458204,0.11781198531389236,0.3333642780780792,-28.64380645751953,-9.541619300842285,17.243858337402344,heavy_hammering,N-10_220908_A_1_c_02751.wav
-440.2427978515625,188.47067260742188,96.32392883300781,43.2293815612793,-16.58869171142578,30.29237937927246,12.897980690002441,11.677075386047363,-15.17093276977539,22.17125701904297,-0.8922180533409119,11.476855278015137,1.5952012538909912,10.953579902648926,5.571536540985107,9.717045783996582,16.24606704711914,6.64321231842041,7.114789962768555,9.677165031433105,3.5188939571380615,6.573302268981934,7.243821620941162,10.37390422821045,2.7124037742614746,6.885743618011475,17.759814175590346,11.738837107909916,14.931724490548664,16.17074578547942,17.52918523760202,18.030746930690274,45.61881310066646,1913.8121593044264,382.8652244783734,2063.322533668536,3963.292701177922,0.09584900469233747,0.017398228868842125,0.11618854105472565,-50.262657165527344,-18.696735382080078,18.491056442260742,heavy_hammering,N-10_220908_A_1_c_03245.wav
-570.5430908203125,207.67666625976562,68.33539581298828,51.466331481933594,-10.409810066223145,34.16191864013672,12.93596076965332,10.226249694824219,-1.2275023460388184,15.1259765625,-0.09990212321281433,11.81016731262207,-1.224859356880188,12.868496894836426,-8.914764404296875,17.220169067382812,-4.812652111053467,13.050008773803711,7.447014808654785,7.116979122161865,2.1673500537872314,8.047930717468262,0.9403951168060303,7.264595985412598,0.06585992127656937,7.579062461853027,18.870104633307403,12.542187578019172,13.383080445521955,14.887428121200967,15.239812968527788,17.156130050426718,46.44361443702815,2601.936084628029,920.1746980581445,2570.5832133871436,5620.316014717976,0.10994113414280186,0.007162192370742559,0.05403341352939606,-62.12308883666992,-25.34675407409668,20.976512908935547,heavy_hammering,N-10_220910_A_1_c_03201.wav
-497.8783264160156,187.521240234375,96.46077728271484,56.213314056396484,8.821898460388184,29.87984275817871,7.128408908843994,14.11756706237793,4.717888355255127,11.174442291259766,11.482394218444824,6.36039924621582,-0.8263898491859436,11.692755699157715,1.3590902090072632,6.242517948150635,0.7204954028129578,6.405609607696533,-1.3723647594451904,6.505587577819824,-4.818053722381592,8.023015022277832,-5.985483169555664,7.302792072296143,-2.15767765045166,6.9981794357299805,16.67334953343672,10.839273387828982,14.634519587826416,13.428291604084976,16.536033138977317,14.543326421159945,46.33798244727549,1671.6688701881228,568.0308517614798,2130.7382265234864,3539.7619288772253,0.06751206341911764,0.01595962420105934,0.10404647886753082,-54.195220947265625,-19.655452728271484,20.472795486450195,heavy_hammering,N-10_220913_A_1_c_02152.wav
-437.1454162597656,189.1743927001953,48.88104248046875,29.721168518066406,29.931156158447266,24.765714645385742,50.89841842651367,21.07159996032715,6.091134548187256,11.608302116394043,9.052506446838379,8.328657150268555,-5.727789402008057,9.215556144714355,1.8846642971038818,7.116959571838379,-9.43659782409668,9.356096267700195,0.14771319925785065,5.816866874694824,-4.416273593902588,7.427050590515137,-2.277179479598999,5.6636061668396,-6.1021246910095215,6.6021037101745605,26.173923895527125,12.204695839337374,15.104110325220319,14.09306426063491,17.339102266655484,16.818112476806782,49.5323147533526,2574.0403477223963,1206.3381329952852,2425.140343296038,5093.61919958156,0.11958204334365326,0.022005978971719742,0.12459798902273178,-47.865299224853516,-18.089778900146484,17.74674415588379,heavy_hammering,N-10_220914_A_1_c_02327.wav
-236.90145874023438,46.2365837097168,93.77938079833984,36.600555419921875,17.32952880859375,30.245500564575195,21.671777725219727,16.530895233154297,-3.5912587642669678,11.502649307250977,-7.580578327178955,10.149628639221191,-13.079155921936035,9.072388648986816,4.128842830657959,10.927894592285156,-2.273298501968384,10.108054161071777,-9.802444458007812,8.632170677185059,-16.654937744140625,7.02006721496582,-7.7165913581848145,7.328639984130859,-15.842111587524414,7.640234470367432,36.54784795916532,13.825359338474954,17.02619541977357,18.697062396024638,16.150155768831958,15.484143731946359,47.309089666461176,2164.4995528586032,983.7499432120278,2466.082917649053,4622.455381978038,0.09642874419504643,0.05403224751353264,0.2560408115386963,-28.416507720947266,-11.833816528320312,7.478202819824219,light_furniture_drag,N-10_220830_A_2_a_03989.wav
-185.51194763183594,68.21131134033203,64.32318878173828,27.758602142333984,-1.155392050743103,12.626113891601562,9.331560134887695,8.865368843078613,-3.1568756103515625,10.344578742980957,-2.2855119705200195,12.072105407714844,-8.804150581359863,10.455081939697266,-2.8636634349823,8.90966510772705,-8.627935409545898,7.973617076873779,-6.488262176513672,8.157157897949219,-11.08220100402832,8.124080657958984,2.4046547412872314,7.940746784210205,-9.493309020996094,6.683115482330322,33.31559045076057,12.295008129888668,15.670344523501228,15.912507443903197,17.50990311703688,16.889734905101662,47.15340460139338,3144.269623085843,772.4596278829373,2866.7237929683442,6739.942577822659,0.18381975014512383,0.03873055800795555,0.20680679380893707,-30.806779861450195,-13.688705444335938,6.977779388427734,light_furniture_drag,N-10_220901_A_2_a_04103.wav
-120.89691162109375,86.87606048583984,89.78316497802734,27.666629791259766,-13.567370414733887,14.866147994995117,26.466197967529297,10.893213272094727,-5.320916652679443,13.146381378173828,1.7447147369384766,8.964859962463379,-8.420623779296875,10.626394271850586,-0.5586036443710327,8.112478256225586,-8.344648361206055,7.598749160766602,-3.506269693374634,8.30793571472168,-9.193243980407715,7.8438005447387695,-0.8936280012130737,6.563227653503418,-9.709425926208496,8.36463737487793,33.48789692053554,13.222410841353074,14.783128469401424,15.312037089504873,16.097513615854446,16.768689537889696,49.246318761650855,2433.7009643681736,612.0229536398865,2395.4044694805707,4986.286515274284,0.12721918537151702,0.08848263323307037,0.27430856227874756,-23.72026252746582,-11.235213279724121,8.594422340393066,light_furniture_drag,N-10_220901_A_2_a_04106.wav
-234.54107666015625,112.08872985839844,120.9545669555664,32.37785339355469,22.19178009033203,16.59716033935547,29.722997665405273,15.416694641113281,-4.786162376403809,10.3768949508667,-3.953145742416382,10.61928939819336,-8.875012397766113,11.123583793640137,-6.070335865020752,10.494794845581055,-6.396977424621582,9.749008178710938,0.6996418237686157,9.254417419433594,-6.016993999481201,7.541480541229248,1.8621126413345337,7.470455169677734,-3.86104154586792,7.77655029296875,33.52885198355806,12.689053254927993,15.329231852541476,16.655998739373324,16.60078177432241,16.155026518814754,47.525632804372236,1683.3307717666946,802.2065901506381,2216.1381138619654,3621.994764959849,0.06672068498452012,0.07207729667425156,0.20944233238697052,-27.643781661987305,-13.57871150970459,12.158644676208496,light_furniture_drag,N-10_220902_A_2_a_03410.wav
-146.19259643554688,124.97135162353516,70.19200897216797,44.98118591308594,-24.321855545043945,22.144834518432617,8.541213989257812,15.722036361694336,-6.496528148651123,13.821407318115234,-3.2760202884674072,10.334331512451172,-17.8302001953125,10.742605209350586,-9.050313949584961,9.755678176879883,-6.353397846221924,9.923375129699707,-6.552622318267822,9.477449417114258,-7.0056538581848145,8.551545143127441,1.3258602619171143,7.672785758972168,-9.336216926574707,6.9264140129089355,33.653387512513866,12.914888073803452,14.611584840139187,15.015629757235189,16.34102915384723,16.675732704670786,48.05936981201814,2853.1931267407654,868.9071483590645,2472.6217455132473,5493.0001179131195,0.17888629547213622,0.07290568202733994,0.24604889750480652,-26.787382125854492,-12.179573059082031,10.830820083618164,light_furniture_drag,N-10_220903_A_2_a_04111.wav
-295.9814453125,102.49820709228516,92.79972839355469,39.9170036315918,-2.2154030799865723,18.812456130981445,26.123918533325195,13.475407600402832,1.599541187286377,9.54065227508545,6.406495094299316,7.735286712646484,-1.6468690633773804,6.600386619567871,-0.5393410325050354,5.925958156585693,-4.782865047454834,5.895179748535156,2.0359437465667725,6.169581890106201,-5.497008323669434,5.723379611968994,-0.42137500643730164,5.122706890106201,-6.791765213012695,5.850710391998291,28.745315481441533,14.590601017660036,14.67319957924462,14.23260672854221,14.690031795530318,15.515511925334925,47.72056150977831,2288.065035041626,937.2108588722923,2390.0467651336994,4715.50481932082,0.113150487374226,0.03546767309308052,0.12829357385635376,-36.392940521240234,-17.835901260375977,13.095821380615234,light_furniture_drag,N-10_220905_A_2_a_03545.wav
-300.1585998535156,77.43296813964844,76.60647583007812,22.58489227294922,20.972423553466797,23.32876968383789,22.1199951171875,15.00162410736084,-3.156604766845703,11.895654678344727,-0.6109235286712646,11.738484382629395,-8.98743724822998,9.685416221618652,-13.394248962402344,9.369120597839355,-10.381592750549316,6.666481018066406,-3.4731929302215576,7.6071038246154785,-10.290494918823242,9.71828556060791,-9.698383331298828,6.8264875411987305,-11.501870155334473,7.208708763122559,30.36577589449514,13.823683707265348,16.483552657064656,14.596135886228828,15.729835045518529,15.036278063890883,45.618924448616774,2630.576871813067,767.9361727378556,2870.0706496921553,6102.796430558243,0.10350277549342106,0.02481946349143982,0.12958471477031708,-35.767601013183594,-17.748924255371094,8.622377395629883,light_furniture_drag,N-10_220905_A_2_a_03969.wav
-308.14508056640625,107.90657806396484,81.8250503540039,28.579021453857422,-3.3856472969055176,14.043485641479492,25.738576889038086,9.387127876281738,1.4618159532546997,9.056523323059082,9.179149627685547,7.68017578125,2.682631492614746,8.492667198181152,10.1724271774292,7.566620826721191,6.502326488494873,6.965786933898926,5.681779861450195,6.677052974700928,-1.2026865482330322,6.42252779006958,6.730170726776123,4.770805358886719,0.7891696691513062,4.544443130493164,22.742076903955166,11.630456443940906,12.773856728313987,13.688057357418424,14.637604229297043,15.450478418832057,47.042637381584164,2552.2773440694073,733.0810583390835,2587.1553334155165,5423.8172029194075,0.11907788917376161,0.0225386843085289,0.16272248327732086,-38.326011657714844,-15.771049499511719,10.521188735961914,light_furniture_drag,N-10_220905_A_2_a_04039.wav
-292.5573425292969,153.06887817382812,170.5467529296875,79.62650299072266,34.573482513427734,30.300334930419922,18.090240478515625,15.622172355651855,7.683481693267822,10.626052856445312,8.454465866088867,7.899877548217773,1.219165325164795,7.304919719696045,-7.055347442626953,7.654957294464111,-9.34748649597168,7.567615032196045,-7.659241676330566,6.6575775146484375,-3.037416934967041,7.325547695159912,-0.8812223672866821,6.209188461303711,0.16562646627426147,7.3638482093811035,21.612081060818777,11.421454309780723,16.907622141920438,14.60595686324539,16.926354865017455,15.964843736060082,43.462514306969034,753.4445029166548,516.8913033990157,1145.1089832169775,1301.7421285434405,0.035636972716718264,0.15902602672576904,0.4701627194881439,-25.95667839050293,-6.555036544799805,19.69704246520996,light_furniture_drag,N-10_220907_A_2_a_03429.wav
-357.60687255859375,133.82675170898438,176.4094696044922,48.84451675415039,-4.953732013702393,12.508750915527344,1.7550342082977295,11.607405662536621,4.605335712432861,10.183684349060059,7.635236740112305,6.202106475830078,-0.45355525612831116,5.795083999633789,-1.4894802570343018,7.760680675506592,-0.192300945520401,6.5058183670043945,-1.21504807472229,5.398465156555176,1.6517844200134277,4.663022994995117,2.6342742443084717,4.426475524902344,0.7815500497817993,5.583727836608887,20.016235412010797,11.88047094525901,14.16544693935482,14.089756345113111,17.108817378999102,15.746030107166709,45.79232151417622,1064.1959595919639,526.0984745324986,1398.3147023586241,1799.1057877201044,0.05349703100812694,0.03356510028243065,0.10419264435768127,-37.12025451660156,-19.643259048461914,15.487433433532715,light_furniture_drag,N-10_220907_A_2_a_03440.wav
-412.26776123046875,111.57006072998047,84.78813171386719,47.62630081176758,-3.895754337310791,28.565229415893555,22.49602508544922,12.697894096374512,3.291173219680786,10.672452926635742,-0.9969285130500793,10.139200210571289,-9.359237670898438,9.624249458312988,-4.152013301849365,9.451984405517578,9.878714561462402,9.942351341247559,3.6041438579559326,9.26463794708252,-1.6159260272979736,7.004878044128418,2.9182634353637695,7.66693639755249,10.14847183227539,9.26164436340332,28.852874793037007,11.224409271795516,13.703784319190948,14.132557801591242,16.858947756611883,17.054362279481214,44.560831974745426,2511.01191333013,1029.6549331360236,2420.3863683142326,4943.0867764971945,0.13489563177244582,0.01135081797838211,0.14840878546237946,-47.19475173950195,-16.57080841064453,11.592585563659668,light_furniture_drag,N-10_220908_A_2_a_04201.wav
-296.7197265625,131.89810180664062,102.865478515625,53.92347717285156,-4.675078868865967,32.00166320800781,20.759841918945312,18.122333526611328,19.00893211364746,16.645946502685547,5.449349880218506,10.863055229187012,3.731961250305176,9.747629165649414,7.151150226593018,7.372349739074707,4.325078964233398,7.928196907043457,1.3284350633621216,6.337606906890869,-2.201686143875122,8.049832344055176,1.7838890552520752,6.739629745483398,-1.584643840789795,6.934470176696777,24.759512002891658,11.749808059179323,14.304443834668225,13.9233115200821,15.291994961201867,16.117509981411658,46.461636919191854,2127.3246660967693,1111.41906433824,2276.4199078694123,4370.373572948916,0.09842797624806501,0.03815822675824165,0.40914249420166016,-35.068878173828125,-7.762508392333984,11.890296936035156,light_furniture_drag,N-10_220913_A_2_a_03284.wav
-432.5502014160156,133.76622009277344,54.440643310546875,56.71910858154297,13.300101280212402,26.813814163208008,11.980476379394531,15.053351402282715,5.234734058380127,11.28942584991455,5.383299827575684,7.964423179626465,4.0076751708984375,8.437914848327637,6.065003395080566,7.465747356414795,3.580667734146118,7.207515716552734,4.2526655197143555,6.75575065612793,2.9707746505737305,5.551759243011475,3.7866997718811035,4.812766075134277,3.319758176803589,5.865551948547363,19.89549637562136,11.562276064389968,13.953801995088307,14.986728272678153,14.886158161680155,15.118975814861876,43.19192371446005,1802.1043663042637,1266.1137263938692,2226.6969791892507,3753.8439676857583,0.07446213477167182,0.025510678067803383,0.3532869219779968,-54.23915100097656,-9.03744888305664,20.98739242553711,light_door,N-10_220831_A_2_b_05249.wav
-341.62103271484375,134.82635498046875,83.72650909423828,32.18279266357422,-16.03622055053711,17.51546287536621,5.663562297821045,17.71693992614746,-6.084812641143799,10.654603958129883,-0.5059972405433655,10.483820915222168,-5.492517471313477,8.209230422973633,-3.011838436126709,8.44948959350586,-6.840897560119629,7.837311744689941,-0.44957607984542847,7.071927070617676,-5.800295829772949,6.981644153594971,-1.3195561170578003,6.479351043701172,-5.028517723083496,5.8646745681762695,23.183065835030625,11.279974720726688,13.136982375504905,13.510771728664828,14.662802624712212,15.227324461312929,46.63305392309414,2658.996367214196,800.3863679846296,2559.198255243125,5502.866724917763,0.14396965097716719,0.01620965637266636,0.10119753330945969,-44.426841735839844,-19.8966007232666,13.91284465789795,light_door,N-10_220901_A_2_b_04534.wav
-397.440185546875,100.5328140258789,86.38021850585938,29.437620162963867,2.954429864883423,20.300111770629883,18.75026512145996,12.650476455688477,7.890251636505127,10.886855125427246,8.083402633666992,10.17582893371582,2.5359668731689453,8.578913688659668,7.497410297393799,7.0549492835998535,3.2712388038635254,6.69488525390625,4.847806453704834,5.9295477867126465,-0.04943094030022621,5.784306049346924,1.7980760335922241,4.241286277770996,-1.7986482381820679,5.07265043258667,21.614038643906973,11.214321471449336,13.068052311460391,13.588576904860188,14.7778456973481,14.801584119894821,46.51656081597212,2528.7650973429104,854.9837959755296,2635.611569180592,5494.500108842879,0.11504012069465944,0.011178788729012012,0.11795353144407272,-46.7855110168457,-18.565780639648438,11.13840103149414,light_door,N-10_220901_A_2_b_05108.wav
-414.2525634765625,147.3036346435547,92.01404571533203,42.104286193847656,7.265250205993652,17.89006233215332,6.540477275848389,9.841300010681152,0.395346999168396,9.56796646118164,8.512147903442383,7.135143756866455,1.2421112060546875,7.237542152404785,7.193521022796631,6.115213394165039,3.986851930618286,6.635743618011475,4.532890319824219,5.13344144821167,0.11206557601690292,6.138463973999023,3.140047550201416,5.021595001220703,-0.6632497906684875,5.377717971801758,23.880519724499074,11.193534497195623,13.10831264406998,14.519307589518649,15.093183169993583,14.087498960082007,46.39273600320346,2565.785946644156,966.6235041384533,2662.028573149512,5542.949815874129,0.12160092758320433,0.014275465160608292,0.10162412375211716,-48.50667953491211,-19.860063552856445,14.463476181030273,light_door,N-10_220902_A_2_b_05183.wav
-524.6962280273438,114.4549789428711,79.31841278076172,57.39350128173828,30.008529663085938,21.77827262878418,15.611640930175781,16.471479415893555,10.403273582458496,12.015280723571777,7.753790378570557,8.291584968566895,6.197665214538574,7.5420331954956055,6.953067779541016,6.50799560546875,5.568821907043457,6.9512200355529785,5.245022773742676,5.027233123779297,4.25717306137085,4.446686267852783,3.406555414199829,3.9511148929595947,1.3687678575515747,4.462281227111816,16.763073628248847,11.353877538917976,13.20391531346513,14.507076519074669,15.303803038814006,14.626820431052938,42.9158912644983,1262.6641778855135,770.6765621459823,1901.0957750064297,2434.7186109229874,0.04530736019736842,0.017052000388503075,0.21054521203041077,-56.68888473510742,-13.533092498779297,18.24347686767578,light_door,N-10_220903_A_2_b_04420.wav
-544.1096801757812,117.79206848144531,70.74819946289062,57.90595245361328,30.381940841674805,23.850971221923828,18.53885841369629,15.949370384216309,12.111104011535645,11.794248580932617,9.243659973144531,9.118929862976074,7.703875541687012,8.712090492248535,8.558679580688477,6.600551605224609,5.918920040130615,6.387202739715576,5.2260847091674805,4.491431713104248,3.9252169132232666,4.130324363708496,3.24751353263855,4.053012371063232,1.4938687086105347,4.268547534942627,16.699591520700242,12.103995683627739,12.93781530643548,14.733219718417496,15.064600825481802,14.376799358851876,41.28651635614463,1041.521460856828,655.178999020138,1735.9409532599186,1851.172139548665,0.055829594378869966,0.014038873836398125,0.17893902957439423,-58.79568862915039,-14.94589900970459,18.124073028564453,light_door,N-10_220903_A_2_b_04421.wav
-241.72035217285156,101.07229614257812,132.27931213378906,31.87584114074707,-1.977359414100647,11.486659049987793,10.250815391540527,7.535284519195557,-0.7189421057701111,6.282330513000488,3.6430180072784424,6.677029609680176,-5.255437850952148,8.462587356567383,6.497065544128418,6.122241020202637,1.9200862646102905,5.694278717041016,3.0308520793914795,5.550561904907227,0.31803667545318604,5.036412715911865,4.8540120124816895,5.1682209968566895,-8.235503196716309,4.593014240264893,27.612335474555152,11.398844918227967,13.590234239650444,14.783963485314123,15.241331284060708,14.72532346378626,47.221254176119146,1703.3255598208912,784.448622666676,2112.7388160509836,3378.529570493905,0.07610611576044891,0.04263312369585037,0.11087080091238022,-31.373167037963867,-19.103656768798828,9.882011413574219,light_door,N-10_220904_A_2_b_05094.wav
-433.9649658203125,139.1719512939453,51.16643142700195,39.401214599609375,4.808448791503906,23.687725067138672,14.741008758544922,16.946199417114258,2.1811962127685547,12.313048362731934,7.606570720672607,12.35232925415039,1.772083044052124,9.535080909729004,0.8197699785232544,8.86042308807373,0.7490282654762268,8.564926147460938,-1.5783902406692505,8.072603225708008,-1.5897077322006226,7.668069839477539,0.008773142471909523,7.7632622718811035,-2.417153835296631,6.667524814605713,26.05166171317249,11.636750309592244,13.819297723252497,13.732719955867479,15.268779337890088,15.515002598065886,46.86923834143928,2533.479875862661,997.2918151586229,2470.7821506539617,5194.218591270801,0.13389185855263158,0.012081802822649479,0.21488766372203827,-53.0476188659668,-13.3557710647583,17.209020614624023,light_door,N-10_220905_A_2_b_05062.wav
-507.62249755859375,140.2598876953125,74.73291015625,59.522071838378906,23.221879959106445,24.16509246826172,17.71799659729004,13.591436386108398,8.067139625549316,12.524209022521973,9.768538475036621,8.341926574707031,6.383157253265381,7.789096832275391,4.71675968170166,5.5771379470825195,3.335710048675537,5.294793128967285,1.998111367225647,5.025042533874512,0.8883495330810547,4.942396640777588,-0.885993480682373,4.635407447814941,-0.9597178101539612,4.147372722625732,26.53197973694396,13.147386101663459,14.348187769135293,15.103228897042442,14.851073245266095,14.128741949204485,43.07358140442531,1494.6834067542306,803.3622644245241,2130.1595705294762,3317.5132727844425,0.05599361455108359,0.012510539032518864,0.18560458719730377,-56.68141555786133,-14.628227233886719,19.526283264160156,light_door,N-10_220908_A_2_b_05271.wav
-434.0763244628906,172.9847869873047,79.1050033569336,26.25429916381836,-12.25529956817627,30.442089080810547,16.97675132751465,12.631464004516602,13.282772064208984,13.779244422912598,8.95118522644043,11.583788871765137,4.9174394607543945,8.936934471130371,10.153854370117188,7.645312309265137,1.7963162660598755,6.184964179992676,2.8333425521850586,5.957437992095947,8.034432411193848,5.5816874504089355,6.58407735824585,6.341079235076904,1.4735591411590576,4.7772908210754395,27.71643777683747,11.90923711568229,13.792691118426793,13.720995570486377,15.943788064098612,15.59649788363646,44.631062831150984,1895.5229845520364,664.644354044813,2073.4905142432326,3546.09522391399,0.09184600546633127,0.013484170660376549,0.10333064943552017,-50.81224060058594,-19.715417861938477,16.71060562133789,light_door,N-10_220909_A_2_b_05263.wav
-179.52752685546875,157.3611297607422,61.21329116821289,49.61677932739258,-11.965554237365723,32.2692756652832,22.145000457763672,20.233436584472656,1.2997496128082275,21.09381675720215,8.53617000579834,13.775162696838379,-8.865188598632812,13.656996726989746,7.252802848815918,17.34168243408203,1.6154669523239136,18.085371017456055,0.6229239702224731,15.323586463928223,-2.7795941829681396,15.440792083740234,6.650293827056885,14.603610038757324,-3.7086658477783203,12.625076293945312,26.746000992050828,12.006189577113483,14.386678668218481,15.596593755557816,19.303749975111003,18.1673716164023,50.387354916788624,2863.379360134696,830.1872766797366,2470.580053046886,5640.882557021575,0.16162109375,0.11286524683237076,0.3193696439266205,-25.084030151367188,-9.914127349853516,13.310776710510254,light_door,N-10_220918_A_2_b_04802.wav
-568.9070434570312,154.5371856689453,52.1961784362793,68.03046417236328,4.253902435302734,31.937856674194336,8.94217586517334,17.575756072998047,1.342149019241333,14.185686111450195,7.307122707366943,11.228245735168457,0.2938653826713562,11.419876098632812,2.0180885791778564,7.973280429840088,-3.3992152214050293,8.383256912231445,-1.996142864227295,6.927184581756592,-5.5546369552612305,6.652132511138916,-4.394500255584717,5.501645565032959,-3.1221370697021484,5.654062271118164,22.229961113741453,13.124737732758424,13.247646943721529,13.667565531409869,15.406709113348356,14.785122937951234,46.02492295941603,2512.267329277542,1503.3432613237467,2243.3634396873913,4879.687159866003,0.1587140818498452,0.006259416230022907,0.06963048875331879,-64.4004898071289,-23.144012451171875,23.454641342163086,light_door,N-10_220922_A_2_b_05362.wav
-118.70254516601562,37.982337951660156,133.57830810546875,20.142595291137695,-16.2255916595459,15.21169662475586,3.524970054626465,12.038543701171875,-10.408513069152832,10.150874137878418,0.8580631017684937,10.01954460144043,-4.744640350341797,7.534956455230713,-5.574411392211914,5.5792927742004395,-7.907389163970947,5.87467622756958,-5.454827308654785,5.399361610412598,-10.422304153442383,5.4683427810668945,-3.687300443649292,5.579427719116211,-10.641655921936035,4.988163948059082,28.58329229572638,11.271064017862464,12.833235632313398,14.380215323273283,15.766088971533708,15.883618091963239,46.68819881925831,1668.8008460634871,333.81837969038,2006.4000795591276,3183.130752043827,0.07391565281540248,0.08732928335666656,0.15294495224952698,-21.533676147460938,-16.309297561645508,2.546867847442627,light_treadmill,N-10_220901_A_2_c_06202.wav
-160.54953002929688,23.676712036132812,86.410400390625,8.036004066467285,0.9276568293571472,8.193324089050293,16.047527313232422,7.2915802001953125,-4.754749774932861,7.4525532722473145,-3.9780771732330322,5.133307933807373,-3.6994659900665283,5.142714977264404,-1.521743893623352,5.210585117340088,-2.628657102584839,4.283273696899414,2.5295159816741943,4.244696140289307,-1.370312213897705,4.536237716674805,0.8687819838523865,4.454753398895264,-8.413434982299805,3.9478676319122314,16.672805487164347,11.76020119780279,14.034349348881069,14.33910945120075,14.848005417229869,15.047840812730572,45.64186943130749,2673.4665283541744,227.49185741406293,2770.9034386569283,5935.430775928792,0.12868780838815788,0.03509692847728729,0.06522301584482193,-29.366558074951172,-23.711984634399414,2.1945950984954834,light_treadmill,N-10_220917_A_2_c_05396.wav
-158.1769256591797,27.242441177368164,85.30659484863281,9.016206741333008,1.726263403892517,8.294090270996094,16.548240661621094,6.499700546264648,-5.3895978927612305,7.4835052490234375,-4.535333156585693,4.984795093536377,-4.196778297424316,5.234614372253418,-2.508481502532959,5.311026573181152,-2.4050369262695312,4.349388122558594,2.7747857570648193,4.609499454498291,-1.338798999786377,4.3145976066589355,1.0793908834457397,4.5910115242004395,-8.258772850036621,4.401252269744873,16.527243445497977,11.725503076616517,13.876148802902444,14.586174514212217,14.98942549309019,15.2963577687203,45.6927615461881,2707.3954350560402,250.136441597237,2782.3170796176196,5980.013839674439,0.13159482028831268,0.03562994673848152,0.06553759425878525,-29.247562408447266,-23.67019271850586,2.2504851818084717,light_treadmill,N-10_220917_A_2_c_05398.wav
-156.7155303955078,29.337343215942383,81.27483367919922,10.908295631408691,-0.18605977296829224,7.709167003631592,14.624589920043945,6.45581579208374,-5.523229598999023,6.563488483428955,-5.370870590209961,5.125157356262207,-4.0472187995910645,4.828454971313477,-1.6626008749008179,5.259778022766113,-3.710461378097534,4.645376205444336,1.461100697517395,4.697325229644775,-1.6380388736724854,4.278367519378662,1.5636640787124634,4.123252868652344,-8.273394584655762,4.534443378448486,17.66990343446749,11.554712117510084,13.910450673187087,13.950556607985476,14.694926905437645,15.171736435713918,45.720217965455745,2821.3378658929746,284.4070376504548,2817.9555955587743,6233.6789724627515,0.1414201577012384,0.03437219560146332,0.07080178707838058,-29.566699981689453,-22.999116897583008,2.254502534866333,light_treadmill,N-10_220917_A_2_c_05404.wav
-151.7547607421875,18.21288299560547,106.3985824584961,7.907219409942627,6.847874164581299,5.937427520751953,14.263215065002441,5.966750144958496,-3.9542951583862305,6.713764190673828,-3.4358952045440674,4.590144634246826,-5.604364395141602,4.890207290649414,-3.488710641860962,4.493350028991699,-7.489239692687988,3.8869035243988037,1.9671109914779663,3.824502944946289,-2.82153582572937,3.582183837890625,-1.2857931852340698,3.976266384124756,-7.594492435455322,4.223623752593994,28.753982403953636,12.326316110493076,13.73560132736291,14.102439182758202,14.767007863177414,15.075942889961961,44.9347990175898,2138.1114576217788,223.5991937324888,2584.193782576611,4890.520427692048,0.0849239006869195,0.05287357419729233,0.0989486500620842,-25.850566864013672,-20.0918025970459,2.3021080493927,light_treadmill,N-10_220919_A_2_c_05410.wav
-341.9515380859375,49.19108200073242,91.45382690429688,21.629487991333008,9.954033851623535,19.61488914489746,18.085500717163086,12.018449783325195,12.225762367248535,8.63990306854248,7.748660564422607,10.324846267700195,3.294065475463867,11.040702819824219,6.289001941680908,8.014884948730469,0.47112035751342773,6.522619724273682,0.7450584173202515,5.516931533813477,-1.0203828811645508,6.001966953277588,1.883397102355957,7.5430216789245605,-3.873964548110962,6.332737445831299,24.400017442891148,12.953214297282845,14.841500173018893,14.069077406375168,14.951557803663555,14.602900733162748,44.17214937755379,2482.677438535936,699.2851630469473,2796.216247529196,5790.848316865809,0.10626390770123839,0.012506033293902874,0.04920751973986626,-40.961612701416016,-26.159372329711914,7.06504487991333,light_treadmill,N-10_220924_A_2_c_05799.wav
-191.43467712402344,53.59151840209961,103.72054290771484,20.075607299804688,7.887395858764648,14.053196907043457,18.25484275817871,10.460588455200195,2.5586631298065186,7.072351455688477,-1.7678316831588745,8.177730560302734,-6.207470893859863,6.960224151611328,-1.5994861125946045,6.382651329040527,-4.047835350036621,4.909537315368652,-1.723839521408081,5.166632652282715,-2.442734718322754,6.095955848693848,1.2132841348648071,6.167895793914795,-4.545423984527588,5.836655616760254,27.84883395821728,11.746194376773689,14.72339391784361,14.272675076367003,15.189697655422874,15.209175108804798,44.3720333018441,2198.5657822457924,484.9138533458316,2604.52481725548,5047.419478944949,0.09016801107778638,0.04607132077217102,0.13401785492897034,-28.319786071777344,-17.45674705505371,5.4980669021606445,light_treadmill,N-10_220926_A_2_c_05801.wav
-190.3009033203125,48.55241775512695,104.89159393310547,19.30203628540039,7.606534481048584,13.807109832763672,17.312026977539062,10.320696830749512,2.381901979446411,7.30579137802124,-1.8453681468963623,8.671402931213379,-6.59027099609375,6.953174591064453,-2.5159828662872314,6.273149490356445,-3.9523208141326904,5.686604976654053,-1.3648383617401123,5.294498443603516,-2.1490988731384277,6.068253993988037,2.4029276371002197,6.3811354637146,-3.7539637088775635,5.803826332092285,27.66839445068795,11.46412103550975,14.662441281729764,14.367267763350053,15.217802000247294,15.272439679416326,44.33903857768769,2169.4340357991655,460.0203864161512,2591.8521191181744,4984.719858080979,0.0884129196497678,0.046087004244327545,0.14402955770492554,-28.179502487182617,-16.83096694946289,5.1014275550842285,light_treadmill,N-10_220926_A_2_c_05804.wav
-199.01409912109375,46.33937072753906,111.06671142578125,20.427610397338867,10.351534843444824,13.235279083251953,15.422295570373535,11.423495292663574,1.510977864265442,7.825180530548096,-2.544919490814209,8.439473152160645,-7.243526935577393,7.147321701049805,-1.9451148509979248,5.535361289978027,-2.6995928287506104,5.843634605407715,-0.7121827006340027,5.92518949508667,-1.776982069015503,6.786648750305176,0.8165090680122375,6.0804362297058105,-5.316257953643799,5.999304294586182,27.689732876013995,12.010489078871965,14.605527483997086,14.768695286748962,15.567796096906084,15.058250184101786,44.41771273651926,2035.3775271986783,471.1536942213515,2537.603555997538,4679.638369533669,0.07870625120936532,0.04699034243822098,0.13547393679618835,-28.02604103088379,-17.362884521484375,5.2153215408325195,light_treadmill,N-10_220926_A_2_c_05814.wav
-250.3794708251953,76.37078857421875,116.75556182861328,18.285860061645508,-4.476705551147461,13.131584167480469,15.99620246887207,9.038569450378418,-7.5510993003845215,7.322275638580322,4.774783611297607,7.661630153656006,4.78066873550415,8.152914047241211,6.501871585845947,6.757535457611084,2.881598949432373,6.919849872589111,5.2844109535217285,5.119689464569092,-3.0400688648223877,4.769473552703857,1.0432803630828857,5.231762409210205,-7.3202805519104,4.537580966949463,29.669468918649024,11.453797592589366,12.355529503017301,14.552374419282724,14.23936582698671,15.699977089557175,46.8802222130898,1820.4769534641957,357.97884492018585,2263.238058602716,3934.076211179373,0.061195397155572755,0.03077268786728382,0.07951385527849197,-31.88912010192871,-21.991146087646484,6.47613525390625,light_treadmill,N-10_220929_A_2_c_06221.wav
-206.53182983398438,30.206323623657227,90.27177429199219,12.435934066772461,8.545763969421387,13.397918701171875,4.789440631866455,7.692027568817139,-3.785768508911133,5.950284004211426,-6.467367649078369,6.114282608032227,-16.62675666809082,5.991297245025635,-9.012121200561523,5.116752624511719,-10.505849838256836,4.483407497406006,-9.976264953613281,4.60156774520874,-15.174939155578613,5.4725189208984375,-13.473490715026855,4.741779327392578,-15.113625526428223,4.477673530578613,25.087495284387323,13.16737522823255,14.35285726925782,15.368429596858853,14.872326194490057,14.348699570986827,44.08856138016738,2464.7234558205814,335.3054774065256,2837.8758258468247,5948.080699436436,0.08816273219814241,0.03416427969932556,0.07478392869234085,-29.766006469726562,-22.523834228515625,2.715426206588745,light_treadmill,N-10_221001_A_2_c_05455.wav
-62.25749969482422,77.3380355834961,91.01953125,17.904666900634766,-2.890510082244873,13.075272560119629,12.763010025024414,7.96250057220459,-3.7291853427886963,7.676119804382324,9.355814933776855,6.620534420013428,6.917230129241943,7.071185111999512,6.496510982513428,5.664330959320068,3.0497820377349854,4.9705705642700195,3.5207228660583496,4.901931285858154,-2.119603157043457,4.777397632598877,3.7664530277252197,5.125755786895752,-4.613621711730957,5.538978099822998,27.58800033464991,11.910530427657932,12.550185489906973,13.777875785843545,14.311285188283268,15.09615552327841,46.377872313499644,2539.8728628695076,476.5706517822819,2667.205912663458,5592.082852106714,0.11529937838622291,0.12138468027114868,0.28839683532714844,-19.640661239624023,-10.800190925598145,5.96973180770874,light_treadmill,N-10_221005_A_2_c_06239.wav
-533.8817749023438,69.40632629394531,93.65489196777344,23.687198638916016,7.94903564453125,14.296957969665527,18.834444046020508,8.461119651794434,5.2862396240234375,10.0228853225708,13.575957298278809,6.222215175628662,-0.23892009258270264,5.038016319274902,2.408679962158203,4.923630714416504,-0.9966202974319458,4.340643882751465,2.748751640319824,4.0479254722595215,-4.126157283782959,4.224122047424316,0.09804360568523407,3.9012720584869385,-4.349949836730957,4.212574005126953,24.132906850949702,11.130580342526608,12.714380149938235,13.154781443471702,14.984623320643662,14.440688950828333,46.76273489082504,2444.3972332311223,656.6807637637278,2687.9292237897657,5489.06680836397,0.10119591113583591,0.0015467196935787797,0.029634743928909302,-60.12871170043945,-30.563980102539062,6.007379531860352,light_golf_putting,N-10_220914_A_2_d_06448.wav
-626.6050415039062,94.75167846679688,83.09892272949219,23.811616897583008,14.196335792541504,19.121089935302734,21.509708404541016,19.68873405456543,3.332109212875366,13.485862731933594,11.612915992736816,8.347904205322266,6.8333940505981445,7.268152713775635,5.704553604125977,6.767789363861084,3.131527900695801,6.4824299812316895,5.175628662109375,5.9596710205078125,3.346086263656616,5.605587482452393,1.9703130722045898,5.270601272583008,-0.20715494453907013,4.724343299865723,22.25492470570933,11.315037347364802,12.376131968572345,12.965542783294993,13.803149180711396,14.431960048082116,46.29272382946615,2600.932950235133,889.5948450955814,2736.885940494415,5814.914838005515,0.12691230892027863,0.0021950723603367805,0.05517903342843056,-66.64724731445312,-25.164518356323242,13.704690933227539,light_golf_putting,N-10_220916_A_2_d_06455.wav
-572.9078979492188,114.5007095336914,49.089683532714844,42.977867126464844,11.10418701171875,19.255516052246094,14.141945838928223,12.677460670471191,9.506710052490234,13.510059356689453,9.61778736114502,7.672102451324463,9.641919136047363,6.6311445236206055,7.066858291625977,7.697356700897217,4.4230217933654785,6.374222278594971,3.763683319091797,5.57383394241333,2.3328452110290527,5.904383659362793,2.1275100708007812,4.841225624084473,0.7000446319580078,5.23773193359375,21.406944284107738,12.150095270832011,13.261152002393837,13.522304774770612,14.865941586756495,15.445855413317398,46.66299892699739,2929.911678569183,1032.095918107037,2871.54711298213,6352.228255611455,0.15016840412151702,0.004562284331768751,0.09033812582492828,-65.31070709228516,-20.882579803466797,15.691178321838379,light_golf_putting,N-10_220917_A_2_d_06467.wav
-294.77703857421875,111.5035629272461,45.91516876220703,29.78061294555664,-0.4188799262046814,34.317935943603516,15.079828262329102,19.407989501953125,1.8384063243865967,12.53702449798584,14.912863731384277,10.288585662841797,3.636693000793457,10.47002124786377,3.0781919956207275,8.629049301147461,0.5343323945999146,7.578043460845947,3.552729845046997,7.103370666503906,-2.455653667449951,6.4958014488220215,1.4663341045379639,5.443821907043457,-5.26602840423584,5.190587043762207,27.838887406655594,11.340526252578048,12.936502894199215,13.577659742220261,14.704047870123832,14.56673216612932,46.40538310488789,3550.874751202561,732.3266512448763,2947.0459404727644,7254.889464009288,0.21036834244388544,0.021684948354959488,0.18084223568439484,-40.41139221191406,-14.854002952575684,10.871514320373535,light_golf_putting,N-10_220918_A_2_d_07274.wav
-575.443359375,86.27691650390625,71.02519989013672,17.211753845214844,5.2239508628845215,8.619146347045898,20.25243377685547,12.551779747009277,3.7617905139923096,10.845494270324707,12.53117561340332,5.639892578125,8.761831283569336,4.304183006286621,5.377699851989746,5.292035102844238,4.416921615600586,5.608023166656494,2.43833327293396,3.3186144828796387,3.0007803440093994,4.06854248046875,1.616565465927124,3.91314435005188,1.8500821590423584,3.745929718017578,12.562913935121646,10.843383736002938,12.115377387437727,12.88779932682525,13.613974283468448,14.284877882659641,44.29808546211959,2944.633598822186,376.22133641266606,2917.510609436735,6454.694302679954,0.1437708615518576,0.002353886142373085,0.06699342280626297,-65.61353302001953,-23.47935676574707,9.348395347595215,light_golf_putting,N-10_220919_A_2_d_06485.wav
-437.8720397949219,78.81400299072266,57.08317947387695,15.85006046295166,-1.0044001340866089,16.119033813476562,13.739030838012695,12.67209529876709,-4.945513725280762,11.086274147033691,3.0864052772521973,8.015080451965332,-0.3010540306568146,5.515057563781738,0.7033420205116272,5.55733585357666,-4.601299285888672,5.027080059051514,-0.918573260307312,4.142344951629639,-5.8079705238342285,4.149358749389648,0.12178313732147217,4.3792033195495605,-3.235868215560913,4.396239280700684,19.606688958885563,10.3211161368063,12.505608703693932,13.009612702015136,14.034798076979694,14.405959006228342,45.91188050497244,3535.8485154874215,442.2866321666515,2961.224155525753,7276.3393343048565,0.22814979198916407,0.003743959590792656,0.06666016578674316,-55.83859634399414,-23.522672653198242,8.750480651855469,light_golf_putting,N-10_220919_A_2_d_06886.wav
-347.3573303222656,72.44860076904297,93.71607971191406,27.33356285095215,-10.405900955200195,23.189184188842773,0.7988443970680237,11.47114372253418,-2.2624013423919678,7.814899921417236,8.093866348266602,5.599250793457031,-2.007678985595703,5.238081932067871,-0.40985339879989624,5.436326026916504,-4.114593029022217,4.457087993621826,0.7060157060623169,4.878358840942383,-5.168543338775635,4.320127010345459,-1.1797155141830444,4.289236068725586,-5.67746639251709,5.053593635559082,30.083819744990166,10.799020605724177,12.853854112261981,13.14934416549889,15.526400580760676,14.60160756800543,46.279637365201864,2482.338532066179,571.1071612092009,2601.7113472950105,5367.317544565112,0.12659031540247678,0.008132497780025005,0.05902327224612236,-45.10834884643555,-24.57953453063965,6.423013687133789,light_golf_putting,N-10_220919_A_2_d_07283.wav
-687.096435546875,115.65824890136719,71.71015167236328,29.996057510375977,17.758066177368164,17.232458114624023,25.008028030395508,17.928930282592773,17.55782699584961,15.335631370544434,16.54035186767578,9.575514793395996,13.107194900512695,9.221665382385254,6.466374397277832,8.022221565246582,4.997692584991455,7.414848327636719,3.9222514629364014,5.385483741760254,2.596101760864258,5.985481262207031,1.376369833946228,4.6181817054748535,-0.11563558876514435,5.065306663513184,21.05142017400009,12.71402905468318,13.264998102608045,12.848714326017216,14.252717500091306,14.774462197097405,42.96724239368809,2554.6003703570927,893.2975606540859,2868.802159224325,5816.581494594137,0.08510152621904024,0.0014665439957752824,0.037130001932382584,-69.5875015258789,-28.605501174926758,11.991436958312988,light_golf_putting,N-10_220920_A_2_d_06496.wav
-366.1598205566406,131.21133422851562,82.9142837524414,26.495256423950195,-17.053722381591797,27.314285278320312,-5.151002407073975,11.675517082214355,3.298278570175171,16.08209228515625,13.44483757019043,14.238699913024902,4.774468421936035,11.371176719665527,5.941500186920166,7.874624729156494,3.357260227203369,5.830568790435791,5.443037509918213,5.5364508628845215,-1.5371575355529785,5.091421127319336,0.359902948141098,4.620079517364502,-3.4219119548797607,4.8737335205078125,24.874888526433043,11.954520862553663,13.588681387586226,13.80561882684731,16.184984396311297,14.678265357964866,45.90692635110378,2578.4783039702543,479.91989239190923,2675.7502615722524,5724.83204939048,0.12083449230843653,0.012648136354982853,0.10107076913118362,-45.57929229736328,-19.907489776611328,11.61850643157959,light_golf_putting,N-10_220920_A_2_d_07300.wav
-670.2548217773438,133.04141235351562,74.33411407470703,29.67506980895996,11.021902084350586,17.592334747314453,16.953269958496094,18.97854995727539,9.838401794433594,21.584028244018555,10.54452133178711,9.705266952514648,9.264275550842285,10.40792179107666,5.575079441070557,6.784305095672607,4.4278082847595215,6.3911662101745605,3.5486226081848145,5.170956611633301,0.5611106753349304,5.872429847717285,1.5120859146118164,5.34092378616333,-0.7621700763702393,5.6687750816345215,21.226249595107646,11.112590602209652,12.503289753939121,12.70393621909919,13.975388926990371,14.753754870695692,43.098456086293524,2627.3098365820906,937.477898505812,2705.948490573452,5660.49910506966,0.11372040078366873,0.0022444846108555794,0.03404346853494644,-71.04759216308594,-29.359325408935547,18.13623809814453,light_golf_putting,N-10_220921_A_2_d_06523.wav
-448.12109375,85.73745727539062,30.654109954833984,26.074951171875,-18.554479598999023,21.43842887878418,9.694210052490234,15.09796142578125,-16.543581008911133,17.612016677856445,1.5830539464950562,8.395364761352539,-4.6373090744018555,8.058124542236328,-4.3984761238098145,6.415956974029541,-5.000148296356201,5.603234767913818,-3.158881187438965,6.00167179107666,-5.893017292022705,5.480128765106201,-1.6551852226257324,4.4285993576049805,-5.32916259765625,4.06264066696167,17.348878810634698,10.656139917853464,12.791803552816333,12.781368021612142,14.155683953295911,14.845333997929096,46.744415701702486,4002.7526414392337,689.3438016212465,2731.060473116173,7260.672762371807,0.32159140383126933,0.005221583414822817,0.09839726984500885,-56.45637893676758,-20.14034080505371,10.18143367767334,light_golf_putting,N-10_220923_A_2_d_06924.wav
-321.8133850097656,159.78094482421875,82.12831115722656,43.806175231933594,-1.1211351156234741,35.45831298828125,7.0533223152160645,18.72023582458496,-13.576993942260742,20.38800048828125,0.18320779502391815,12.7609224319458,-6.729106903076172,11.782551765441895,-5.086685657501221,8.815709114074707,-5.5426554679870605,7.812740802764893,-1.4931776523590088,7.314610958099365,-6.720498085021973,6.90554666519165,-0.7346638441085815,6.479055404663086,-9.120377540588379,6.743379592895508,24.02685696699681,11.328814366241044,13.16855683306585,14.349111703087498,14.86110116431918,15.315361863634694,46.781661589444376,2738.3667482529017,1028.5138587625847,2583.9158772504925,5604.732775614358,0.15933992840557276,0.03459009900689125,0.23663130402565002,-40.638824462890625,-12.518556594848633,15.543322563171387,light_golf_putting,N-10_220924_A_2_d_07414.wav
-153.79656982421875,84.62773132324219,28.73938751220703,18.81719398498535,-37.80922317504883,19.323698043823242,-10.667752265930176,16.429183959960938,-5.777949333190918,11.88086223602295,11.376773834228516,16.90146255493164,-3.4731743335723877,9.948736190795898,-6.393577575683594,6.95584774017334,-4.493366718292236,8.026174545288086,3.795466184616089,8.557129859924316,-3.8318135738372803,7.430179119110107,-1.0709457397460938,7.608268737792969,-7.437866687774658,7.588553428649902,25.71964382010838,14.705772227665696,16.484137457452988,16.40306192284431,17.137891060989357,15.51907405223809,46.881743606189126,3701.7667947092114,658.1730006670355,2781.470866330678,7124.790250701432,0.24099854271478327,0.0497346892952919,0.12712693214416504,-29.05718994140625,-17.91524887084961,12.197881698608398,daily_toilet_flush,N-10_220825_A_3_a_08365.wav
-122.32764434814453,82.15535736083984,68.16009521484375,17.818384170532227,-11.21605110168457,19.215871810913086,3.243706703186035,11.314055442810059,-7.991715908050537,8.90526008605957,5.631593227386475,6.941619396209717,-4.434525966644287,6.079272747039795,1.6067616939544678,6.2374796867370605,-0.18649433553218842,5.889737606048584,1.0295895338058472,5.062665939331055,-2.970203399658203,4.458832263946533,1.8725298643112183,4.118867874145508,-2.5264480113983154,4.887453079223633,28.617535166172125,13.129470974342878,14.208022420982532,14.634583645273562,15.519626639007463,14.933595076345238,46.48718945459726,3037.717456791806,409.58012073647797,2801.3065403597143,6493.127403613584,0.17027863777089783,0.0608389638364315,0.17193181812763214,-27.725048065185547,-15.292874336242676,14.79620361328125,daily_toilet_flush,N-10_220829_A_3_a_08362.wav
-293.58038330078125,156.79722595214844,50.11312484741211,35.48262405395508,-38.72248840332031,32.51756286621094,-14.07878589630127,22.731063842773438,-10.153542518615723,16.620189666748047,4.5154290199279785,11.5093412399292,-0.32970964908599854,14.047300338745117,-2.86848783493042,13.738729476928711,-3.067225456237793,9.753929138183594,-0.6975116729736328,11.689091682434082,-3.0645391941070557,10.417773246765137,1.9550656080245972,7.599273681640625,-4.1460089683532715,6.97261381149292,19.127113603500938,11.975502637395062,15.139042984389418,16.56675728206934,17.04101111525041,15.846221425621575,46.433510828668965,3051.94220948968,848.7996117811894,2559.859061043258,5995.330413723877,0.18456275396671826,0.03608933463692665,0.22954724729061127,-38.590476989746094,-12.782559394836426,14.736056327819824,daily_toilet_flush,N-10_220830_A_3_a_07655.wav
-262.2246398925781,55.23045349121094,19.977828979492188,12.574921607971191,-44.42870330810547,11.988582611083984,-30.174671173095703,12.080520629882812,-19.278339385986328,9.051987648010254,-8.959630966186523,8.25009822845459,-23.35514259338379,7.565774917602539,-15.113666534423828,5.844701766967773,-18.084455490112305,5.637126445770264,-2.6046347618103027,8.574387550354004,-14.707069396972656,5.759626388549805,-3.1042377948760986,7.03066873550415,-16.468740463256836,4.684834957122803,20.208225426707234,12.275616084730812,15.561577669992268,15.085847261313551,17.008019346260145,15.825786007621213,49.120335047832455,3940.74689275176,443.1162349090841,2905.4380634734403,7512.187908160798,0.2837790852360681,0.013751490972936153,0.06810708343982697,-39.12152862548828,-23.33615493774414,5.314337253570557,daily_toilet_flush,N-10_220831_A_3_a_07902.wav
-37.68577194213867,30.998620986938477,3.2779541015625,18.351654052734375,-55.24599838256836,6.759304046630859,-20.012235641479492,7.019946575164795,-35.09919738769531,7.477502822875977,-14.698980331420898,8.641331672668457,-24.390409469604492,6.464893817901611,-21.800411224365234,4.8606791496276855,-19.10196304321289,4.801150798797607,-10.521980285644531,6.57288122177124,-20.199790954589844,4.942817211151123,-12.834474563598633,5.285767555236816,-16.59757423400879,5.5779805183410645,40.61673733340718,11.196261921230924,13.889393555105713,14.968758271718754,15.847811709650747,15.49880892258353,47.74469276396329,3933.6485248537006,432.7763394504146,2675.342890664748,7189.70652482827,0.2931826564918731,0.11386044323444366,0.3406074643135071,-19.563568115234375,-9.354917526245117,3.189324140548706,daily_toilet_flush,N-10_220831_A_3_a_08157.wav
-112.09556579589844,113.656005859375,69.69434356689453,27.34699821472168,-19.282676696777344,27.514020919799805,-0.9299694299697876,11.176430702209473,-10.11495590209961,16.62333869934082,-2.450693130493164,11.349958419799805,-5.532088756561279,9.869153022766113,-2.27470064163208,8.06489372253418,-8.484251022338867,8.394414901733398,-5.037030220031738,9.955988883972168,-9.124972343444824,8.145269393920898,-1.731482744216919,7.704107761383057,-6.00897741317749,7.451393127441406,27.957211296891938,13.020553922591779,14.581704223663587,15.614952269937852,16.023558222460725,15.82871003715569,47.133442959351974,2881.95355052933,585.6791653412656,2688.6198800240654,6046.280105638061,0.16128927413893188,0.10931848734617233,0.3777148723602295,-24.18620491027832,-8.456718444824219,9.983034133911133,daily_toilet_flush,N-10_220901_A_3_a_08227.wav
22.61806869506836,22.636167526245117,21.707996368408203,14.046430587768555,-88.24905395507812,14.120119094848633,-39.856204986572266,10.959492683410645,-54.47489547729492,9.56955623626709,-33.35099411010742,7.102192401885986,-29.53432846069336,6.159633636474609,-31.344125747680664,6.028000831604004,-38.73860549926758,5.333653450012207,-26.6107120513916,5.593360424041748,-32.73357391357422,5.410159111022949,-30.200359344482422,4.959924221038818,-27.97848892211914,4.506948947906494,27.134160704261078,14.765174144768785,13.37625943589135,14.792806008294416,15.485465669426038,16.709642423169083,47.097093730889235,2978.279882578729,271.51775558410856,2371.614930302423,5483.783506978038,0.19147805606617646,0.27063506841659546,0.35735103487968445,-11.531975746154785,-8.93809986114502,1.8354988098144531,daily_toilet_flush,N-10_220902_A_3_a_08160.wav
-103.6771240234375,77.31827545166016,41.86683654785156,19.69655990600586,-60.78017807006836,13.957426071166992,-21.153236389160156,7.605567455291748,-27.55781364440918,8.165027618408203,-10.961935043334961,10.096739768981934,-12.227375984191895,7.8010711669921875,-11.818633079528809,10.032739639282227,-24.943153381347656,7.145267963409424,-22.911930084228516,6.020205020904541,-28.499855041503906,6.004802703857422,-18.84662437438965,6.078833103179932,-25.145145416259766,6.74673318862915,41.03930347566013,12.792127267735822,15.376503269531804,15.902135197989569,15.655462665657309,16.38644885811914,47.794728394682544,3022.3169128904724,429.064865311842,2508.574280758302,5862.714548967202,0.18460130248645512,0.08404835313558578,0.305473268032074,-23.854021072387695,-10.300536155700684,7.065057277679443,daily_toilet_flush,N-10_220902_A_3_a_08162.wav
-326.5232238769531,87.43675231933594,48.1808967590332,14.447964668273926,-41.7188720703125,9.2329740524292,-24.838321685791016,13.978102684020996,-20.07948875427246,8.129024505615234,-9.590291023254395,7.016808986663818,-8.664558410644531,7.045060634613037,0.5821942090988159,6.240191459655762,-1.9737154245376587,5.830800533294678,5.085445404052734,4.949000835418701,3.5053672790527344,6.266766548156738,9.439913749694824,4.76549768447876,-8.486838340759277,5.799598217010498,15.526115802080298,11.65654118675537,16.189491107646575,15.146134779028785,16.211665286502488,15.67306678181437,46.925509411598576,3305.1391368358895,302.9595454563062,2785.606484617306,6935.741393854006,0.19530872073335914,0.008759994059801102,0.043814633041620255,-44.71581268310547,-27.167617797851562,7.199946403503418,daily_toilet_flush,N-10_220908_A_3_a_07510.wav
-394.26910400390625,132.70175170898438,57.388126373291016,34.36884689331055,-11.366434097290039,32.329227447509766,3.1939127445220947,23.955780029296875,-4.385379314422607,25.826560974121094,-2.5464370250701904,17.1028995513916,-1.1407593488693237,11.946267127990723,-9.888561248779297,11.649157524108887,-10.415510177612305,12.967073440551758,-14.306755065917969,9.595891952514648,-6.9369611740112305,8.73049545288086,-4.9531779289245605,6.969706058502197,-3.569674491882324,7.4967474937438965,32.53365439825834,12.070243535621303,14.838678388929894,15.32397258057445,16.438484151632103,16.99140550184534,46.43115818521795,3498.388690054552,1888.2003780916057,2614.6195755613394,6193.845879994678,0.24465914038312694,0.013811091892421246,0.15465430915355682,-46.86457061767578,-16.21276092529297,12.70279312133789,daily_toilet_flush,N-10_220909_A_3_a_08394.wav
-310.2808532714844,107.7990493774414,85.98007202148438,20.814903259277344,-26.655908584594727,15.881064414978027,-12.617167472839355,22.04715919494629,3.1119751930236816,10.433662414550781,16.685007095336914,11.730301856994629,1.7955238819122314,10.207863807678223,-5.484336853027344,7.922667980194092,-1.7209115028381348,8.549501419067383,-0.15510430932044983,8.666419982910156,-4.559745788574219,7.698472023010254,2.7475006580352783,6.971071243286133,-3.5894370079040527,8.862918853759766,22.940365747260305,11.98582996011255,14.893162064935597,15.671621764527814,18.795265678983515,16.23947253133452,46.374367164352925,2554.1119375231283,550.5832059657045,2516.79573172912,5264.418166783572,0.14243753628095976,0.022786365821957588,0.23441225290298462,-40.66305923461914,-12.600394248962402,10.202492713928223,daily_toilet_flush,N-10_220911_A_3_a_07518.wav
-393.6100158691406,90.44087219238281,40.23247528076172,31.677888870239258,-25.665996551513672,30.983633041381836,0.3269420862197876,22.72259521484375,-11.683631896972656,14.879311561584473,-1.7898365259170532,12.283479690551758,0.5078659653663635,10.24630069732666,3.8524022102355957,9.836751937866211,-1.1383256912231445,11.477572441101074,5.150667190551758,8.396347999572754,-5.6381449699401855,7.706194877624512,0.040696464478969574,7.2617106437683105,-7.836322784423828,6.264050483703613,26.542790146930912,11.96288484702538,15.05100945937307,16.17233601609535,16.631142219946682,16.472253550913898,47.02839700189862,3629.371281041329,967.1710166427129,2731.6064970626126,6870.191790223491,0.25218139270510836,0.006101578939706087,0.029700210317969322,-49.594268798828125,-30.54481315612793,9.611543655395508,daily_toilet_flush,N-10_220912_A_3_a_07937.wav
-312.5455627441406,65.43022155761719,-188.87368774414062,24.40306282043457,-132.87960815429688,18.13204002380371,-39.12696075439453,14.239432334899902,-1.1186844110488892,9.064504623413086,15.29277515411377,7.685182094573975,8.489500045776367,6.748968124389648,3.3668735027313232,6.258468151092529,3.4914233684539795,5.092700004577637,9.216718673706055,4.6102213859558105,-2.521908760070801,5.362532615661621,-1.2390494346618652,4.877912998199463,-4.586672782897949,4.050786018371582,15.726060986128887,10.899718315306313,18.034800933528643,20.94357361553705,14.380178610148178,14.50867627878136,45.153432225202,5462.42719196341,394.1113403878388,2674.8609896861176,8785.130210852845,0.4553305800116099,0.03018099255859852,0.09204506129026413,-32.13557052612305,-20.719989776611328,7.843101501464844,daily_shower,N-10_220825_A_3_b_09422.wav
-96.74305725097656,13.284151077270508,-46.61796188354492,7.803347587585449,-3.191206693649292,6.97898006439209,-13.84356689453125,5.716650009155273,-6.839042663574219,5.291743278503418,-0.8382282257080078,4.156702518463135,-4.375206470489502,4.006856441497803,-7.496184349060059,3.9199275970458984,-11.581013679504395,3.7731826305389404,-9.879592895507812,3.83736252784729,-7.3176655769348145,3.414628505706787,-2.905357837677002,3.5363409519195557,-8.550850868225098,3.3687775135040283,25.84747440864185,10.699226887047697,12.56074370929199,13.647187382267466,14.197411995510457,14.110544100890591,44.067163385433545,6355.638886228689,218.16316064286755,2847.258416558698,9555.292220455205,0.6150983214009288,0.07818721979856491,0.1398991495370865,-22.22874641418457,-17.083698272705078,1.2302308082580566,daily_shower,N-10_220831_A_3_b_09200.wav
-285.16412353515625,67.06751251220703,-126.95855712890625,21.956289291381836,-79.822021484375,14.969255447387695,-42.0059700012207,11.310568809509277,-47.93364715576172,9.903762817382812,-20.30979347229004,7.597584247589111,-14.258246421813965,6.781038284301758,-11.921311378479004,7.0983734130859375,-6.64550256729126,6.913595676422119,-12.309072494506836,6.720699310302734,-4.745207786560059,5.526469707489014,-6.102625846862793,5.05763578414917,2.0925536155700684,5.68148136138916,17.793978530161567,14.990532282225812,16.030387408702843,15.280226660738903,15.248572980222185,14.384898547559562,43.16214205501629,5759.691766449701,458.69445250148954,2625.1900858130816,9180.82781812355,0.5053627793633901,0.026396509259939194,0.10452592372894287,-33.41886520385742,-19.615520477294922,6.846943378448486,daily_shower,N-10_220901_A_3_b_09431.wav
-304.8398132324219,74.81366729736328,-152.56118774414062,15.99677562713623,-80.94017028808594,15.61703109741211,-28.705480575561523,11.977960586547852,-37.41097640991211,9.98165225982666,-15.007293701171875,7.1903276443481445,-10.990715980529785,7.420334815979004,-11.17521858215332,6.019358158111572,-7.64603853225708,5.575265884399414,-10.90367603302002,6.428215026855469,-4.64220666885376,5.360773086547852,-7.950908660888672,4.684346675872803,-2.441581964492798,4.9785919189453125,17.723093663316636,14.231139114907096,15.167136461702313,15.902268740979236,15.279759117865826,14.261826946796663,43.294366445541186,5905.289850815521,433.5964244298612,2541.905262190971,9183.677800890093,0.520468508126935,0.027708806097507477,0.06771935522556305,-33.14013671875,-23.385744094848633,7.344062805175781,daily_shower,N-10_220901_A_3_b_09435.wav
-69.42626190185547,23.817176818847656,-29.345190048217773,18.96326446533203,-60.71625900268555,6.495912075042725,-14.6172513961792,5.868084907531738,-26.403076171875,5.6072096824646,-6.293135643005371,4.970818042755127,-12.52719497680664,4.305754661560059,-6.333905220031738,4.060014724731445,-8.319716453552246,4.082545280456543,-3.6634128093719482,3.6242430210113525,-7.389914512634277,3.949399948120117,-0.47746533155441284,4.171828269958496,-5.483213901519775,4.184029579162598,16.389833508244596,13.22574180203465,13.852635060071066,13.695462580527208,14.028896171101291,14.31980995973653,47.16853093764375,4527.037491298074,376.6964303081735,2637.925232258422,7764.469715980554,0.36619204116679566,0.08269427716732025,0.1191892921924591,-21.896835327148438,-18.475255966186523,2.2151992321014404,daily_shower,N-10_220902_A_3_b_08874.wav
-242.67782592773438,23.02872085571289,-42.1458625793457,17.413803100585938,-21.919010162353516,10.5226411819458,8.121026039123535,11.054075241088867,-10.248488426208496,7.823174476623535,0.9444431066513062,6.192527770996094,-3.3159070014953613,5.971684455871582,-3.061682939529419,5.034216403961182,-6.731632709503174,4.143898963928223,-6.096764087677002,4.078134536743164,-8.81754207611084,3.856806993484497,-2.2685205936431885,3.566983222961426,-8.606315612792969,3.47542667388916,17.41414062048203,9.574234079896774,12.459572978076631,13.231297750445183,14.379576934957504,14.105197248597909,45.6591917320206,5374.301261612674,260.50983768384725,2701.594860556412,8681.130839722813,0.4714929917279412,0.0165010467171669,0.04805123433470726,-36.36574172973633,-26.365909576416016,3.3648056983947754,daily_shower,N-10_220902_A_3_b_09042.wav
-74.55664825439453,40.38972473144531,-56.86283493041992,16.995798110961914,-11.430024147033691,16.398054122924805,-19.726768493652344,10.350281715393066,-22.072866439819336,9.796432495117188,-14.422597885131836,7.696527481079102,-13.732318878173828,6.422106742858887,-9.48388385772705,5.989602088928223,-9.624739646911621,5.5287065505981445,-5.334238529205322,5.418303489685059,-9.894765853881836,4.789022922515869,-2.041724920272827,4.904628276824951,-6.076890468597412,4.58381986618042,30.76234071515721,11.364250472251106,13.454748746866802,13.18519654295989,14.427146514356403,14.302411022593082,45.275851409138085,6226.480663743893,475.64541101458315,2756.3996265928245,9337.626869981133,0.5870470926857585,0.11496596783399582,0.20290473103523254,-19.246423721313477,-13.854156494140625,3.029716730117798,daily_shower,N-10_220902_A_3_b_09170.wav
-374.4126892089844,68.86880493164062,-177.0602264404297,20.613924026489258,-68.07794952392578,15.453414916992188,1.224831461906433,11.994246482849121,-2.2515969276428223,8.608000755310059,3.1900389194488525,7.094137668609619,-8.649669647216797,7.530129909515381,-15.028948783874512,6.97935152053833,-7.107224464416504,6.937707901000977,-6.519922733306885,8.670626640319824,-2.1595890522003174,6.634497165679932,-9.808236122131348,5.0682573318481445,-8.610506057739258,5.9346699714660645,18.299247275898352,13.622789630597293,15.845143328859656,20.02093121506454,15.576061117855671,14.711382398437442,42.88706485518398,6147.325416306897,395.1243088727799,2529.541536506623,9402.276479053793,0.543670937741873,0.018580298870801926,0.06811536848545074,-36.55552291870117,-23.335098266601562,6.969888210296631,daily_shower,N-10_220903_A_3_b_09445.wav
-69.48645782470703,32.701805114746094,-28.073623657226562,14.996707916259766,-77.89934539794922,12.398181915283203,-15.997254371643066,6.746293544769287,-17.671403884887695,6.121748447418213,-13.451308250427246,5.432770729064941,-11.541762351989746,4.452670574188232,-2.679269552230835,3.8084096908569336,-7.002132415771484,4.184736728668213,-0.05917724594473839,3.7625720500946045,-5.499325752258301,3.8772618770599365,1.4183369874954224,3.520127534866333,-4.966098308563232,3.3809268474578857,16.64412017312475,11.931211507380615,14.550523106552092,13.878461677369843,13.932817915291738,15.181939930838071,47.076357215660835,4175.379232457266,423.831195184084,2602.01186575473,7496.921333809017,0.31168141084558826,0.09150195121765137,0.16747918725013733,-21.078641891479492,-15.520783424377441,2.4761226177215576,daily_shower,N-10_220904_A_3_b_08881.wav
-250.87432861328125,52.4366569519043,-91.66104125976562,18.32554054260254,-57.89191818237305,14.632251739501953,-37.27486038208008,12.248442649841309,-48.125431060791016,8.373579978942871,-23.27164077758789,6.824826240539551,-23.509765625,7.65925407409668,-22.280391693115234,6.326473712921143,-14.657694816589355,5.63524055480957,-18.809099197387695,6.086267471313477,-10.501859664916992,5.510936737060547,-10.123620986938477,4.849754333496094,-2.461721658706665,5.022737503051758,18.779768323047893,17.181668770549706,13.288948274768824,14.532761403490959,14.617388731698492,14.366175371266952,43.13138123574563,5750.7381054004845,363.69433872848384,2703.546301049465,9177.77783656637,0.5150135146575078,0.025632308796048164,0.06252345442771912,-32.998565673828125,-24.07914161682129,5.135152816772461,daily_shower,N-10_220906_A_3_b_09446.wav
-341.44195556640625,65.9026870727539,-59.78042221069336,49.79365539550781,-16.37465476989746,27.314987182617188,-1.7739287614822388,19.011720657348633,-5.524404048919678,13.125113487243652,-3.6419782638549805,12.74512004852295,-8.694000244140625,10.134681701660156,3.3726091384887695,9.758886337280273,-0.4741981029510498,7.907723903656006,3.865877628326416,7.1981329917907715,-1.8151190280914307,5.611169338226318,3.7000107765197754,5.577383995056152,-1.3735219240188599,5.5715131759643555,13.68188309663672,12.07145593189282,13.215944881099455,13.94569024586314,15.087598908148419,14.652955977022874,46.156777550018084,5771.334673532306,1041.9502988884572,2645.862738405543,8863.146405766254,0.5199106883707431,0.010746879503130913,0.05154071003198624,-41.80247116088867,-25.75699234008789,6.70005989074707,daily_shower,N-10_220908_A_3_b_08561.wav
-135.3157196044922,32.150875091552734,-16.745407104492188,20.197460174560547,-24.752212524414062,16.5654296875,-10.638309478759766,14.711260795593262,-12.58132266998291,7.707068920135498,3.6739470958709717,8.391337394714355,-0.6751092672348022,6.052906036376953,-2.023427724838257,5.0951080322265625,-6.4107584953308105,5.181286334991455,-1.5663501024246216,4.387037754058838,-4.947735786437988,4.105539321899414,-0.2716197967529297,3.856238603591919,-4.398564338684082,3.7546730041503906,18.68804925408339,11.82645827169189,12.836332469723333,13.8889282930461,14.860471152152483,14.204560578373613,45.75650920274827,5070.999614419642,493.70311101588067,2884.5952502682935,8639.71442349555,0.43045847039473684,0.043162159621715546,0.17653800547122955,-28.231584548950195,-15.063236236572266,3.8667397499084473,daily_shower,N-10_220926_A_3_b_08765.wav
-417.5539855957031,104.15885925292969,90.57024383544922,21.275978088378906,12.478412628173828,14.439453125,15.229218482971191,13.469525337219238,1.640390157699585,6.618701457977295,10.926587104797363,10.342028617858887,-9.41838550567627,5.664667129516602,-12.258474349975586,5.2897443771362305,-14.577181816101074,6.304299831390381,-7.064279079437256,6.622091770172119,-15.263077735900879,5.024446964263916,-9.081661224365234,4.463728427886963,-13.464822769165039,4.3386688232421875,37.003218101299495,16.79744222006612,18.028137342855196,13.79160357266219,15.74654536597164,14.158151765981996,46.87408940396958,2143.9651891249773,612.5190627062003,2635.391322902752,5003.069747121711,0.0622218459752322,0.00785220880061388,0.0215192511677742,-43.82979202270508,-33.34346008300781,6.585803508758545,daily_drum_washer,N-10_220901_A_3_c_09674.wav
-284.32000732421875,51.416011810302734,84.95252227783203,10.932121276855469,1.4332778453826904,5.471466541290283,10.002589225769043,9.211565971374512,-1.8698335886001587,5.8907036781311035,12.651938438415527,6.698873043060303,-10.172441482543945,5.8440141677856445,-10.093494415283203,6.90889835357666,-9.117069244384766,4.43358850479126,0.719673752784729,4.705377578735352,-15.735584259033203,4.788318157196045,-12.869743347167969,5.156002044677734,-14.736442565917969,5.200371265411377,39.28195690854473,13.75490638007295,18.625120894445914,16.23145244123951,16.658478848219907,14.26051930898054,47.19947947229778,2403.6857533267403,361.96098261572564,2728.417297658874,5759.531839565596,0.0823721398510062,0.017508741468191147,0.07474995404481888,-35.9427490234375,-22.527782440185547,4.418975830078125,daily_drum_washer,N-10_220901_A_3_c_09675.wav
-291.0467224121094,64.67439270019531,102.22602844238281,6.544155120849609,5.364437580108643,4.902740478515625,16.916872024536133,3.8591129779815674,-21.006103515625,4.03449010848999,8.518872261047363,4.185454845428467,-17.459617614746094,4.999693870544434,-11.500121116638184,4.185251712799072,-7.203676700592041,3.668487071990967,-3.363755226135254,3.222486972808838,-22.738262176513672,3.6623129844665527,-12.07356071472168,3.5409393310546875,-18.906129837036133,3.111119508743286,39.27919123038996,12.588395364430385,19.82121771014893,20.63226392024992,16.10656589294061,14.956879319024496,49.18750639758412,1932.5615487082273,152.40089492764298,2393.711927908008,4642.17192942144,0.06626566128095976,0.021146094426512718,0.03248320519924164,-34.50477600097656,-29.76682472229004,5.556801795959473,daily_drum_washer,N-10_220903_A_3_c_09680.wav
-426.7528991699219,97.18487548828125,117.99908447265625,31.219253540039062,17.13920021057129,16.431556701660156,35.248504638671875,16.609575271606445,8.313241958618164,8.316852569580078,10.177419662475586,8.425968170166016,-2.347702741622925,11.38882064819336,-3.2242865562438965,7.576027870178223,-2.601412773132324,6.050541877746582,-6.426443576812744,6.040234565734863,-12.387727737426758,8.207202911376953,-3.299645185470581,4.888949871063232,-9.771702766418457,4.666116237640381,24.330479668652607,18.10559317120762,16.91424274400246,14.645868355454706,15.346166251163904,15.66706327244529,46.522099071400376,1509.4309695850382,703.5715776265412,2073.7340270544355,3024.8650423882546,0.049429784249226005,0.011007203720510006,0.03228031471371651,-40.32125473022461,-29.821245193481445,5.6853346824646,daily_drum_washer,N-10_220903_A_3_c_09687.wav
-321.2115478515625,75.64241790771484,116.23265838623047,10.770648002624512,30.06825065612793,11.863525390625,17.357669830322266,6.469310283660889,-16.0479793548584,6.070453643798828,17.243274688720703,4.663854122161865,-9.814072608947754,4.49053955078125,-5.709579944610596,4.566746711730957,-3.6868393421173096,4.006619930267334,0.47990015149116516,4.180838108062744,-11.887298583984375,5.0842180252075195,0.4838828444480896,3.659266710281372,-8.914876937866211,3.9259467124938965,23.924590461456177,11.470186436567133,16.443194773004798,14.803607172039847,16.948638797295445,16.068225666564818,49.1876645637612,1858.6207094292565,253.3985645919754,2469.4820125921065,4759.45455356279,0.06713791602167182,0.015123283490538597,0.05378984287381172,-37.72282409667969,-25.38599395751953,6.858860969543457,daily_drum_washer,N-10_220903_A_3_c_09703.wav
-231.1372833251953,15.107338905334473,68.53285217285156,5.0469746589660645,-18.982425689697266,5.071443557739258,-3.8582804203033447,5.146965026855469,-5.339259147644043,3.9424991607666016,5.612584590911865,3.8227834701538086,-8.188406944274902,3.819646120071411,0.728532612323761,3.2921695709228516,-0.8819246292114258,3.557572364807129,4.648620128631592,3.179271697998047,-3.9544923305511475,3.165036916732788,-4.97848653793335,3.044482707977295,-12.251218795776367,3.301420211791992,26.326413257409552,11.24674601112329,12.970424442262773,12.539018423833504,14.649803671531146,13.148476727447669,46.43718977783257,3100.2932011127155,131.30566012534402,2814.250592754304,6668.259677946014,0.18474567047213622,0.012653158977627754,0.028728947043418884,-38.026695251464844,-30.833606719970703,1.081872820854187,daily_drum_washer,N-10_220903_A_3_c_10205.wav
-249.77732849121094,27.782167434692383,106.02499389648438,13.397875785827637,-16.5638427734375,11.161112785339355,15.049975395202637,9.214909553527832,-10.98321533203125,7.611051559448242,-2.4469125270843506,7.736292839050293,-6.6626386642456055,6.629541873931885,-2.54817271232605,5.794889450073242,-6.898940086364746,5.875944137573242,0.2797972857952118,5.046380996704102,-4.462056636810303,4.690959930419922,-1.351405143737793,4.641300678253174,-8.249946594238281,5.403441429138184,27.910652749185743,10.582585449017834,12.677997775130757,14.088518370043722,15.025361519510017,16.348912952312126,47.84918142790743,2175.4526628824556,305.97523918049234,2317.431061273088,4474.706275396672,0.11380278879643962,0.016007091850042343,0.03374356031417847,-36.39527893066406,-29.43618392944336,2.9692835807800293,daily_drum_washer,N-10_220903_A_3_c_10536.wav
-168.22071838378906,15.864131927490234,132.0755157470703,6.744398593902588,2.1426608562469482,6.010866641998291,23.097454071044922,7.483677864074707,-6.744946479797363,5.251680850982666,10.205465316772461,4.512194633483887,-7.633110523223877,4.678633213043213,-5.3998494148254395,3.822805881500244,-7.63765287399292,3.8618013858795166,-1.4834468364715576,4.039660930633545,-10.38927936553955,3.6732399463653564,1.649524450302124,3.4035863876342773,-5.091899871826172,3.701616048812866,33.50479885466334,12.7751199814626,16.49176686070157,14.594088879461111,15.617923135099865,15.208907164918982,48.982995262348396,1506.2604935021652,121.45648729352658,2069.91032189993,3310.3799825851393,0.052778214493034055,0.06408098340034485,0.08485198765993118,-23.95774269104004,-21.426761627197266,1.380840539932251,daily_drum_washer,N-10_220904_A_3_c_10035.wav
-302.29931640625,40.189456939697266,129.39306640625,8.732746124267578,-16.984474182128906,6.136161804199219,2.457524538040161,5.827614784240723,-19.568180084228516,5.670126914978027,-1.1149754524230957,4.86821174621582,-6.054023265838623,4.475132465362549,-5.945431709289551,4.667268753051758,-11.733410835266113,4.277270317077637,-1.5566312074661255,4.225848197937012,-8.470643043518066,4.292327404022217,-0.27460888028144836,3.7350618839263916,-6.717552661895752,3.542719841003418,28.767635254052177,10.472781825042139,12.669500966895251,14.003326530607644,15.517441883127821,15.832086322543923,48.12208411633691,1746.990206554266,161.7825870924413,2063.971182144297,3489.3955667690598,0.08536834244388544,0.012214483693242073,0.04325060546398163,-39.0601921081543,-27.28015899658203,3.887754201889038,daily_drum_washer,N-10_220907_A_3_c_10052.wav
-276.7146911621094,24.86756134033203,88.18354797363281,5.718655109405518,-1.26543128490448,4.419314384460449,17.016984939575195,3.917792797088623,-2.2952821254730225,4.090612888336182,10.195618629455566,3.9288675785064697,-1.5171692371368408,3.6187057495117188,-4.071392059326172,3.587069511413574,-8.272414207458496,3.097186803817749,0.5317820310592651,3.488253116607666,-5.656379699707031,3.3310964107513428,4.215502738952637,3.467676877975464,-1.2962356805801392,3.282282590866089,33.63381399749902,11.822055570288784,18.40984057720511,13.803380958871708,15.01967752575661,16.761610337317936,47.44243552960545,2492.5283184130035,183.56932680102733,2683.65915627356,5616.399371734714,0.09819592927631579,0.013791069388389587,0.020668551325798035,-37.52565383911133,-33.69380187988281,2.5821218490600586,daily_drum_washer,N-10_220907_A_3_c_10068.wav
-308.08258056640625,51.58024215698242,136.6476593017578,11.183908462524414,-9.521029472351074,7.714397430419922,15.245628356933594,3.9228384494781494,5.996730804443359,4.916967868804932,8.918166160583496,3.633981227874756,-5.302754878997803,3.7571544647216797,-6.7330522537231445,4.103409290313721,-3.3655080795288086,3.7665317058563232,-0.48785892128944397,3.5087523460388184,-8.729463577270508,3.2355854511260986,-3.7032456398010254,3.184030294418335,-4.452314853668213,3.231215476989746,36.160584460656004,11.120505689484322,13.593195428455603,13.354164214184314,17.8009010537349,15.656184322206302,45.89795355847634,1406.7926744194174,211.04636645602866,1966.738204017085,2700.7336690329917,0.04779940862035604,0.01826869696378708,0.032852400094270706,-35.39369583129883,-29.668659210205078,4.107603073120117,daily_drum_washer,N-10_220908_A_3_c_09614.wav
-280.183349609375,59.84383773803711,143.10308837890625,17.559612274169922,-40.202999114990234,18.80729866027832,-27.572254180908203,10.034257888793945,-46.35136413574219,9.548367500305176,-32.16585159301758,6.597515106201172,-37.12126922607422,6.763774394989014,-7.9864726066589355,5.154216289520264,-16.912757873535156,5.655797004699707,-14.64753246307373,5.585217475891113,-4.012089252471924,5.6970438957214355,-19.411806106567383,5.68545389175415,-4.085719585418701,5.667534828186035,19.19825949270269,16.151243248112998,15.513562090354792,18.63764688697905,16.608058367454017,17.86601122366066,48.12848982999815,1352.6810609731724,215.01791669296483,1550.4883978261448,2191.670080604199,0.06823390334752322,0.0423286147415638,0.1593685895204544,-29.34718132019043,-15.951946258544922,5.768708229064941,daily_drum_washer,N-10_220909_A_3_c_10583.wav
-276.8155517578125,40.35431671142578,126.94392395019531,13.553789138793945,10.129666328430176,5.434589385986328,21.485111236572266,6.266568183898926,3.683945894241333,3.514479160308838,11.738598823547363,3.645372152328491,2.092712879180908,3.3813698291778564,7.5013651847839355,3.7020113468170166,3.5536458492279053,3.1523094177246094,7.782810688018799,3.1746389865875244,1.150384545326233,3.084378719329834,4.96835470199585,3.3115720748901367,-3.734684467315674,3.1691911220550537,25.50698678664304,10.53622645383276,14.194309411483648,14.220987842158895,14.950347072411377,14.81094724160633,46.703513161520675,1547.5503232008698,303.8579226954399,2233.5865567079513,3455.32910609762,0.04561877176857585,0.025430260226130486,0.03891383111476898,-32.67328643798828,-28.197921752929688,4.52424430847168,daily_top_washer,N-10_220902_A_3_d_11069.wav
-146.46737670898438,33.001304626464844,103.72711944580078,16.558029174804688,-7.302809238433838,10.520454406738281,20.126279830932617,5.91926383972168,-0.3528098464012146,7.446163177490234,12.0780611038208,4.3013224601745605,1.1763190031051636,5.6938042640686035,6.452271461486816,4.3744916915893555,1.5334821939468384,5.523166179656982,5.670871257781982,4.121853828430176,-2.995845317840576,4.116612434387207,7.268729209899902,4.6327009201049805,-2.9649271965026855,4.759118556976318,25.79603824300263,11.92559089377029,13.09436455857186,13.371653867827533,15.614126125075586,15.475362439440065,49.167248312507404,2256.395667314035,424.63101198026015,2485.344943422424,4991.936481109714,0.0978663772252322,0.046995412558317184,0.059491388499736786,-26.71696662902832,-24.51091957092285,2.278945207595825,daily_top_washer,N-10_220903_A_3_d_11220.wav
-139.53297424316406,25.546630859375,174.5113983154297,5.293614864349365,4.184453010559082,3.7633485794067383,23.269804000854492,3.3332245349884033,-1.3168460130691528,3.099622964859009,11.371326446533203,3.417058229446411,-14.258132934570312,3.1566200256347656,-11.569169998168945,2.8957061767578125,-16.010984420776367,3.006451368331909,-7.700087070465088,2.885415554046631,-7.940655708312988,2.9787936210632324,-6.2749128341674805,2.940253496170044,-9.418126106262207,2.8788580894470215,33.01433241533603,10.61162988276815,16.150673332837123,13.35880278650717,15.959532295643465,14.727719693005259,47.82881378587711,905.5550648722432,47.889378279517445,1432.3970649633,1467.8911238631965,0.036822150735294115,0.15678352117538452,0.20172201097011566,-16.23183250427246,-13.904934883117676,2.07621431350708,daily_top_washer,N-10_220904_A_3_d_10879.wav
-126.1981201171875,56.74971008300781,80.78398132324219,29.971952438354492,-0.7863296866416931,17.562725067138672,24.784971237182617,9.42986011505127,-3.808183431625366,7.700026512145996,11.391637802124023,7.444972991943359,1.6774672269821167,6.396523952484131,-1.8151764869689941,5.781205654144287,-5.721531391143799,4.775178909301758,0.07247649878263474,5.017625331878662,-5.398184299468994,5.11285400390625,0.44874104857444763,5.279019832611084,-8.162904739379883,4.452984809875488,31.024411622303475,12.012739225293974,14.503060877081547,13.647824427520199,14.432715714393531,15.287441422695084,47.385071565986806,2729.7545130142066,818.1232542415767,2613.285546879877,5649.365839057663,0.14693788699690402,0.0651993602514267,0.2083296775817871,-25.09783172607422,-13.624978065490723,5.092207908630371,daily_top_washer,N-10_220904_A_3_d_11657.wav
-123.92315673828125,42.57442855834961,102.23548889160156,41.70304870605469,-11.732213973999023,15.959060668945312,2.7879388332366943,14.74853515625,-4.745411396026611,10.113779067993164,10.734724998474121,10.27531623840332,-5.418269157409668,7.740969181060791,-9.626272201538086,9.223819732666016,-7.913398742675781,8.675334930419922,-3.1595840454101562,7.353559494018555,-13.779541969299316,6.382889747619629,-4.858067989349365,6.636364459991455,-9.96326732635498,5.521541595458984,33.07358844231365,11.770629935206763,15.59967691778504,14.761025261273826,16.955298929811143,15.600598633032826,47.914963959039206,2262.5205483220066,900.4551069529435,2336.506607067809,4485.522876656831,0.12358957768962849,0.07886195182800293,0.1564481258392334,-22.90495491027832,-16.112592697143555,4.103438377380371,daily_top_washer,N-10_220905_A_3_d_11294.wav
-205.23350524902344,20.324737548828125,-0.6092639565467834,6.561893463134766,10.563546180725098,6.3021674156188965,9.539684295654297,6.39743185043335,-11.153979301452637,6.170989036560059,13.325058937072754,4.972070693969727,-1.8156726360321045,4.611692428588867,-4.368930816650391,4.188403606414795,3.2200772762298584,4.142547607421875,-9.241930961608887,3.9066219329833984,0.7875513434410095,3.9181694984436035,2.3012468814849854,3.8546879291534424,-1.8178703784942627,3.706162214279175,30.995390174818194,11.395711421351752,12.584550077503641,13.244435271110376,14.517871501101421,16.4274733955298,44.809284503459565,5147.02062969756,175.18706964341533,2928.81671566193,8670.980901098104,0.4540509203270124,0.018914420157670975,0.027345558628439903,-34.5872688293457,-31.262266159057617,1.6306545734405518,daily_top_washer,N-10_220909_A_3_d_11670.wav
-174.6424102783203,19.348047256469727,88.30342864990234,6.715554237365723,2.3347980976104736,4.29390287399292,8.246521949768066,3.816326141357422,-10.784017562866211,3.6127512454986572,6.534350395202637,3.860140800476074,-3.5060815811157227,3.2521018981933594,0.48077520728111267,3.7105581760406494,-5.941859245300293,3.6158432960510254,3.6972732543945312,3.5639522075653076,-1.5598700046539307,3.3397300243377686,-3.9091849327087402,3.751919984817505,-3.2711477279663086,3.2298929691314697,29.61061538055122,12.674312151656034,15.128329574875899,13.877683358479926,14.493801129110455,14.385311559693774,49.4267169963267,2631.4545628165265,203.91103481065332,2791.127969442418,6124.712964698626,0.11682091113583591,0.032978277653455734,0.047253891825675964,-29.77903938293457,-26.511249542236328,1.7199605703353882,daily_top_washer,N-10_220909_A_3_d_11674.wav
-258.8573303222656,11.660988807678223,131.8089141845703,7.597804069519043,2.9490697383880615,4.693439483642578,22.554956436157227,4.917068004608154,4.460980415344238,5.395688533782959,21.928218841552734,5.567032814025879,8.041313171386719,5.707754135131836,7.96124267578125,4.791388034820557,5.656141757965088,4.043211460113525,9.78984260559082,3.075775146484375,0.11939950287342072,3.361450433731079,8.946006774902344,3.1880781650543213,0.10940901190042496,3.9520034790039062,20.554851793618113,12.56586108272937,14.838072924454682,13.52416485336035,15.79628357563878,15.230601563596629,47.77014158505627,1423.8614103811383,137.15487479749032,2098.7320770180113,3141.147672576432,0.03963090170278638,0.030680252239108086,0.05506164953112602,-30.562400817871094,-25.18301773071289,2.2189908027648926,daily_top_washer,N-10_220911_A_3_d_10663.wav
-417.81268310546875,59.116424560546875,114.7373046875,36.0335578918457,0.8358553051948547,11.864607810974121,18.421850204467773,15.55945873260498,-8.889923095703125,9.594707489013672,16.697057723999023,12.49620532989502,-3.9588165283203125,6.989320278167725,2.988771438598633,6.122851371765137,-1.3571128845214844,6.517088890075684,2.5956029891967773,6.602639675140381,-0.9075254797935486,5.651308536529541,2.197753429412842,5.150382995605469,-9.650423049926758,5.113626003265381,24.481711844629093,11.369169628924162,14.168331114606778,15.116224333670067,16.60818065929437,15.285855596847776,49.45468818746379,1915.9302551029596,916.1245462894708,2217.4299788240432,4064.375423277864,0.08388838162732198,0.008462498895823956,0.027595501393079758,-45.22946548461914,-31.18323516845703,9.230804443359375,daily_top_washer,N-10_220913_A_3_d_11082.wav
-264.6558532714844,46.97365951538086,90.1136474609375,57.9058723449707,1.9248005151748657,19.049415588378906,18.135896682739258,12.705400466918945,-6.905892372131348,10.414974212646484,13.027403831481934,9.706853866577148,-1.1448101997375488,7.680901050567627,5.352630615234375,6.433352470397949,0.1201392114162445,6.344025611877441,2.781392812728882,5.8298211097717285,-0.4542087912559509,5.550443172454834,3.655491828918457,4.900441646575928,-6.655976295471191,4.4709272384643555,26.385609254426438,11.297554213919337,14.533557826469503,15.100338593358622,15.086257844087742,15.042067627744853,47.94679923301635,2406.9921195622132,1469.2626514520248,2285.0113092667593,4588.33892160894,0.14129317434210525,0.04222271218895912,0.1274074912071228,-31.048171997070312,-17.896100997924805,8.723959922790527,daily_top_washer,N-10_220914_A_3_d_11085.wav
-167.91070556640625,33.91458511352539,111.00062561035156,6.8983893394470215,-9.927000999450684,6.071674346923828,5.530998706817627,4.325072288513184,-5.099592208862305,4.198471546173096,2.821716070175171,4.510950565338135,-7.466160297393799,4.792783260345459,-5.483816146850586,3.974165916442871,-13.637271881103516,3.814467668533325,-6.558017730712891,4.132848262786865,-9.709640502929688,3.8959171772003174,-3.528062105178833,4.27949857711792,-13.649042129516602,3.689918041229248,31.35150753214371,20.162305334886465,14.216499681767894,12.835517161660949,15.130038542196868,14.955824988978272,46.46463847508455,1802.3484092998694,254.42156784968208,2297.4118491768577,3874.8432360197367,0.04340790078366873,0.09840591996908188,0.1568114459514618,-20.956071853637695,-16.092445373535156,4.1303582191467285,daily_top_washer,N-10_220914_A_3_d_11321.wav
-131.72076416015625,11.640196800231934,56.18595886230469,12.64767837524414,-0.05853670835494995,7.241918087005615,14.705755233764648,6.081533432006836,2.4943275451660156,5.443642616271973,13.168462753295898,4.664775848388672,-0.775799572467804,4.7358574867248535,-6.15910005569458,4.941559314727783,-15.444756507873535,4.697494029998779,-10.160402297973633,4.3743205070495605,-9.15503215789795,4.252142429351807,1.511940598487854,4.121877670288086,-9.454341888427734,4.143725395202637,34.40204026860576,11.2159547046521,14.559251674644381,14.5983381062259,14.908432767684838,14.857898120360577,47.58454435330971,3389.5088581967043,388.44777046119225,2998.0926484969277,7263.539411704238,0.19304418416215172,0.04078512266278267,0.06264515966176987,-27.875795364379883,-24.0622501373291,1.2306257486343384,daily_top_washer,N-10_220924_A_3_d_10744.wav
-109.2020263671875,31.45820426940918,77.66925048828125,11.580304145812988,-20.212486267089844,8.318253517150879,-4.777222633361816,5.915716648101807,-16.86888885498047,9.12233829498291,-5.060701370239258,4.635960578918457,-17.97583770751953,6.477701663970947,0.10310737043619156,5.439412593841553,-6.499512672424316,5.545905113220215,-0.7828503847122192,4.807555675506592,-8.55422306060791,5.440965175628662,9.928184509277344,5.73659610748291,6.582261085510254,5.589113712310791,23.06249281664842,10.637557689363925,23.541065278294898,20.377276945409946,19.073667971786115,16.909816539781566,50.94587344440275,2585.4985487115923,257.5060530595352,2580.096457120695,5696.515553949787,0.07520740615325078,0.12332143634557724,0.1609741896390915,-18.458206176757812,-15.864875793457031,2.517401695251465,daily_vacuum,N-10_220831_A_3_e_11864.wav
-61.44804382324219,12.25162410736084,15.723790168762207,10.954710006713867,-30.353500366210938,8.407181739807129,-11.555898666381836,6.303775787353516,-22.823974609375,6.858609199523926,-6.286147117614746,4.027643203735352,-10.507329940795898,4.292324542999268,-1.9939409494400024,5.092885494232178,-3.844144582748413,3.8995118141174316,-3.540635347366333,4.387060165405273,-7.6460280418396,4.201632022857666,-4.536197185516357,4.280407905578613,-13.438077926635742,3.9519941806793213,28.548887204214367,11.8415859800303,14.410928185413352,13.486264883288074,14.08479427401595,13.973823744320875,46.791943281726724,4229.93634594548,220.21604610159562,2901.329521262146,7884.468990361358,0.3242338670665635,0.06763900071382523,0.07869841158390045,-23.41675567626953,-22.08068084716797,0.6222965121269226,daily_vacuum,N-10_220901_A_3_e_12458.wav
-56.685890197753906,62.927371978759766,-6.324720859527588,23.50190544128418,-23.542654037475586,5.80593729019165,-6.387404918670654,6.265430450439453,-24.62691307067871,5.808542728424072,-23.589712142944336,9.650691032409668,-14.616456031799316,4.740073204040527,-0.7783001661300659,3.6595687866210938,-15.45811653137207,4.764837741851807,-6.922460556030273,3.3095381259918213,-7.456523418426514,4.066502571105957,-0.7924695611000061,3.808417320251465,-8.275209426879883,3.585122585296631,19.880643742421327,10.450441726119275,12.76293605654368,13.686014662266311,15.13041065181839,15.62225170661961,48.42356295497107,4855.967697202033,561.8499621920648,2886.854972912156,8385.28262867647,0.4179770643866099,0.0911971852183342,0.1045905202627182,-21.617570877075195,-19.610153198242188,5.001448631286621,daily_vacuum,N-10_220903_A_3_e_11871.wav
-114.02899932861328,14.17441463470459,79.62775421142578,7.0888261795043945,-16.23871612548828,5.455623626708984,2.1277196407318115,4.734886646270752,-15.292464256286621,4.1488356590271,-3.717872142791748,4.210021018981934,-20.510143280029297,4.021313190460205,-11.04384994506836,3.8966777324676514,-14.415318489074707,4.530326843261719,-6.51956844329834,4.436567306518555,-9.623695373535156,4.102937698364258,-6.356507301330566,4.0858964920043945,-8.194136619567871,3.6485977172851562,37.461503406562265,11.344744645191675,15.402578566643626,13.695973164008812,15.78478605190825,15.125836989457365,47.91645952412159,2731.334812793575,197.22465761139344,2658.050211014668,5938.964087896672,0.1462855855746904,0.05166216194629669,0.07735787332057953,-25.77787208557129,-22.229909896850586,0.8515341281890869,daily_vacuum,N-10_220903_A_3_e_12313.wav
-76.80603790283203,62.32597732543945,63.05970001220703,15.508407592773438,-17.43842887878418,7.697005271911621,-12.559748649597168,8.052248001098633,-15.977614402770996,4.398280143737793,3.2234582901000977,4.50881814956665,-4.575281620025635,4.992193222045898,-8.254724502563477,4.241428375244141,-12.08441162109375,5.9905195236206055,-14.584477424621582,7.053402423858643,-8.016912460327148,4.379148483276367,-0.35963600873947144,4.772329330444336,-6.186206817626953,4.568883419036865,32.81635896482191,11.298949783254518,14.907351390765456,14.985565627589024,14.926467932984197,15.951054832705392,47.10325142366416,3249.5578903404135,489.3293186002819,2876.67465067594,6779.142340787055,0.20007815523413314,0.07401309907436371,0.09910838305950165,-23.433313369750977,-20.07779312133789,4.50631856918335,daily_vacuum,N-10_220903_A_3_e_12320.wav
-102.2284164428711,37.507999420166016,0.36175405979156494,12.80167007446289,-36.336727142333984,6.853628158569336,-10.66641616821289,6.439761638641357,-8.068761825561523,4.7757086753845215,0.5530376434326172,5.473012447357178,-12.405981063842773,4.982860565185547,-9.6011962890625,4.290487289428711,-20.643152236938477,4.867960453033447,1.9843629598617554,4.588240623474121,4.9764533042907715,4.1839141845703125,0.47093328833580017,3.998399019241333,-0.678962230682373,4.15243673324585,30.724522337017138,11.341829093307636,16.456734861170833,16.713300429790486,14.411750687599518,14.988880563387841,45.97169159855905,4461.210524911069,394.75999791625316,2868.6862901067225,8012.2348844451435,0.33748926688273995,0.05272216349840164,0.0752241387963295,-25.89865493774414,-22.472856521606445,6.230621337890625,daily_vacuum,N-10_220904_A_3_e_12136.wav
-30.064870834350586,30.360103607177734,9.878427505493164,16.840837478637695,-34.26704025268555,13.244876861572266,-10.821232795715332,9.51318645477295,-27.075345993041992,7.202727317810059,-4.089574813842773,5.286375522613525,-21.497417449951172,5.932845592498779,-9.806602478027344,4.908975601196289,-4.968735694885254,6.044090270996094,7.7179789543151855,6.466257095336914,-8.39952564239502,5.339300155639648,-1.8691341876983643,5.893983840942383,-4.9584150314331055,4.635603427886963,28.479572033912333,11.637319881820618,15.013330569836672,14.365640345854876,18.455640826969205,15.314824967277941,48.60391391738264,4235.275840818683,552.1811038624968,2738.382881149147,7494.638014282605,0.31925657290054177,0.11455820500850677,0.16448548436164856,-19.055089950561523,-15.677448272705078,2.230573892593384,daily_vacuum,N-10_220906_A_3_e_12326.wav
-223.89028930664062,75.42272186279297,17.754966735839844,22.706256866455078,-43.81788635253906,15.625129699707031,3.3572661876678467,7.802212238311768,-21.14896583557129,8.48146915435791,-7.6266069412231445,6.730903625488281,-15.20803165435791,7.860247611999512,-9.074394226074219,7.2290802001953125,-12.301359176635742,7.4824604988098145,-7.449638366699219,6.906789302825928,-10.16225528717041,5.995943069458008,-8.537895202636719,5.0231242179870605,-7.171507835388184,5.164183616638184,20.30821438841031,12.734404973692387,26.402049279799826,22.688253670627994,20.83126776679031,19.108047103409227,48.68336646690751,3133.255638765398,370.43410966802276,2571.644368753757,6005.280353557952,0.12241876088428792,0.0568997897207737,0.16696371138095856,-27.33504295349121,-15.547557830810547,8.552589416503906,daily_vacuum,N-10_220908_A_3_e_11734.wav
-133.76722717285156,43.53819274902344,-2.584951877593994,13.323441505432129,-16.86410903930664,12.072787284851074,-9.997072219848633,10.44039535522461,-2.3008675575256348,9.838032722473145,-4.729038715362549,8.666644096374512,-7.6962480545043945,7.455343246459961,-2.1901352405548096,7.948770523071289,2.064060926437378,6.649101734161377,4.877875328063965,8.103384017944336,-6.3465118408203125,7.270979881286621,5.082798480987549,5.922877788543701,-3.2085580825805664,5.739995956420898,24.904098413948436,10.673046673940338,13.556326210173898,13.561921926654318,15.768340898133507,16.763838982104925,49.42647914109116,5162.588285731739,418.27498498155757,3088.5084014268755,8881.82962612471,0.5318509033958978,0.04579303041100502,0.08340850472450256,-27.32699966430664,-21.575794219970703,3.2481400966644287,daily_vacuum,N-10_220909_A_3_e_12041.wav
-69.09259033203125,56.28800964355469,38.61328887939453,12.522554397583008,-29.653579711914062,11.517212867736816,-4.070491790771484,9.47642993927002,-20.366622924804688,7.489251613616943,-7.73663330078125,7.516026496887207,-14.001608848571777,6.785708904266357,-2.9214017391204834,6.806599140167236,-10.325303077697754,7.1537065505981445,-8.373427391052246,6.258295059204102,-10.646517753601074,5.794050216674805,-3.7196102142333984,4.949714660644531,-10.043604850769043,4.757349014282227,23.66351018912664,11.383231208726981,14.186040726980416,14.739381726256841,15.179961792345066,15.226279454366978,47.46646623641322,3647.9606701831963,434.05731469511585,2763.375860846969,7045.257398292376,0.2554935419891641,0.06898060441017151,0.09761104732751846,-23.730810165405273,-20.210020065307617,6.009119510650635,daily_vacuum,N-10_220910_A_3_e_12181.wav
-204.23660278320312,52.67948913574219,52.847389221191406,18.90427589416504,-54.172298431396484,9.816500663757324,2.9943816661834717,9.064230918884277,-22.820331573486328,7.887155055999756,-8.707659721374512,6.065666198730469,-15.572534561157227,7.275965690612793,-9.695205688476562,5.899435520172119,-14.404372215270996,6.430211544036865,-5.540834903717041,4.917420864105225,-11.439484596252441,4.876517295837402,-5.957216262817383,4.626216411590576,-7.82529878616333,5.062786102294922,24.17464863738509,12.950797100373864,23.707472045397928,21.073157861453925,19.136383106290626,18.48209396202265,48.25535776317819,2587.6460651934926,340.74628131814995,2278.6606695189957,4932.003510182856,0.09746501910797213,0.05554729327559471,0.11483149230480194,-25.9472713470459,-18.79878044128418,4.74314546585083,daily_vacuum,N-10_220913_A_3_e_11738.wav
-153.79527282714844,25.727252960205078,28.17611312866211,7.004242897033691,-37.48509216308594,5.037793159484863,-17.59751319885254,5.939661979675293,-31.946781158447266,6.865423679351807,-15.148207664489746,4.082263946533203,-17.63141632080078,3.9161624908447266,-6.899784564971924,5.139950275421143,-13.669265747070312,4.433597564697266,-3.6636240482330322,4.203723430633545,-5.438188552856445,4.2781171798706055,-5.052031993865967,3.905508041381836,-3.373333692550659,5.134217262268066,28.89045276730544,13.44956525747021,13.8193333644604,14.518407656068582,16.256601204521058,14.817371216228262,46.53072651873417,3766.255875413237,232.6741187047936,2816.6472660930513,7151.690088041796,0.2582251959171827,0.029329154640436172,0.04474860802292824,-30.849515914916992,-26.98440933227539,2.144604444503784,daily_vacuum,N-10_220914_A_3_e_12617.wav
-299.647216796875,50.0103759765625,59.68074417114258,30.727087020874023,-1.6881704330444336,13.20075511932373,16.96831512451172,12.336800575256348,-6.553890705108643,8.956476211547852,-5.61981725692749,8.183082580566406,-19.686559677124023,7.591104984283447,-3.095773696899414,6.195389747619629,-8.663725852966309,5.8715620040893555,-9.940126419067383,6.73114538192749,-11.610759735107422,4.922759056091309,-3.662635564804077,5.266493320465088,-8.289886474609375,4.729203701019287,35.179402272084914,11.05947895138523,13.473206906225059,13.977224239249756,14.610295196444408,14.594262998770564,46.49011596621448,3281.0547147538273,823.4265430999258,2794.1072657533346,6609.1767018793535,0.1988098333494582,0.008826139383018017,0.032102812081575394,-41.92293930053711,-29.869140625,3.5587782859802246,daily_dishwasher,N-10_220909_A_3_f_13894.wav
-216.2931671142578,58.72709274291992,79.63639068603516,16.122774124145508,-0.6672161221504211,17.442495346069336,8.455634117126465,11.648728370666504,0.27578628063201904,9.710285186767578,7.02749490737915,8.978326797485352,5.127370357513428,8.874069213867188,7.770641803741455,6.899655342102051,-1.5411803722381592,8.591809272766113,2.8252241611480713,6.361394882202148,-3.234994888305664,5.971315860748291,1.3327696323394775,5.945740699768066,-6.318451404571533,6.442688941955566,24.442395758267992,10.838574186616123,12.894752428587589,14.697479148099628,14.64296150714743,15.561244703756659,46.598224530756625,2970.3698043856357,629.0123944712542,2865.080554249953,6500.727357657701,0.15368463380417957,0.025276008993387222,0.12683524191379547,-34.06624221801758,-17.93520164489746,5.49251651763916,daily_dishwasher,N-10_220927_A_3_f_13090.wav
-255.37110900878906,74.51555633544922,78.68999481201172,22.45755386352539,28.341537475585938,18.692974090576172,27.30763816833496,13.907381057739258,8.390952110290527,13.741632461547852,14.761775016784668,10.854414939880371,2.211798667907715,9.570780754089355,7.078552722930908,8.350462913513184,1.8894039392471313,9.130942344665527,-0.5037845373153687,8.765154838562012,-1.132879376411438,7.8767781257629395,1.9990763664245605,6.93953800201416,-3.4097957611083984,6.566370010375977,26.309552573106735,12.64730713054147,13.281829872688048,13.715648907175524,14.86431098018124,15.358978253308432,46.703773556227645,2685.7879965310476,823.17265945022,2906.801506359282,6182.179283874323,0.1050825089493034,0.04056597501039505,0.3053469955921173,-31.782798767089844,-10.30412769317627,8.346254348754883,daily_dishwasher,N-10_220927_A_3_f_13091.wav
-287.0184326171875,22.714763641357422,47.594444274902344,13.870530128479004,6.896951675415039,13.002825736999512,31.377986907958984,10.222195625305176,4.394129276275635,9.990825653076172,-7.303339958190918,8.640501976013184,-9.962328910827637,8.554177284240723,1.7413287162780762,8.00547981262207,-6.909584999084473,8.161864280700684,-6.230527877807617,7.181548595428467,1.024931788444519,7.253113746643066,9.428620338439941,6.4965949058532715,-6.417508602142334,6.031186580657959,28.907373345539025,11.89190629713702,14.887458122031974,13.452055065575387,15.754889331677497,16.443933420686744,48.48523718911479,3674.3692143857297,496.35624525509456,2939.1399597050945,7381.705363837558,0.23316941394156346,0.009901910088956356,0.04322417825460434,-40.61374282836914,-27.285465240478516,2.821030855178833,daily_dishwasher,N-10_220927_A_3_f_13254.wav
-247.12887573242188,24.688316345214844,62.3868293762207,9.349628448486328,9.36268138885498,11.876410484313965,16.02728843688965,10.166353225708008,6.334477424621582,8.481768608093262,4.035094261169434,8.014551162719727,-12.380841255187988,6.875133514404297,3.370934247970581,7.459240436553955,-8.137547492980957,6.615880489349365,-3.984802007675171,6.069526195526123,-1.510285496711731,5.660703659057617,0.08557773381471634,5.6236114501953125,-2.978844404220581,4.877857208251953,24.475106655929423,10.228988054609664,13.208766219706371,13.854500824362693,15.386649647659814,15.094003300100532,47.691407551525685,3411.0973774378285,314.91914085037655,3041.2158889296156,7216.773027827496,0.19879622798955107,0.01322441827505827,0.03873728960752487,-37.815643310546875,-28.237417221069336,2.0928523540496826,daily_dishwasher,N-10_220927_A_3_f_13266.wav
-216.0774688720703,14.855782508850098,65.09398651123047,7.504462242126465,4.619118690490723,6.895360946655273,9.744089126586914,5.3740386962890625,-16.412782669067383,4.861382484436035,-4.244419574737549,4.129312515258789,-15.230964660644531,4.1445393562316895,-11.685420036315918,3.992006778717041,-13.769981384277344,3.4713709354400635,-10.799972534179688,3.5268256664276123,-16.43958854675293,3.592029333114624,-9.695850372314453,3.4383270740509033,-14.270247459411621,3.5761005878448486,38.21434495623135,10.57477153550355,13.402642216045646,13.464642090336325,13.817429603309892,14.010175879098213,46.49754555594997,3184.438686724272,253.01184792735532,2955.9386111689178,6898.65828475716,0.17093093919311145,0.017887048423290253,0.030829643830657005,-35.032470703125,-30.220632553100586,1.1951342821121216,daily_dishwasher,N-10_220928_A_3_f_12845.wav
-56.50334548950195,39.10393142700195,77.86942291259766,13.703375816345215,5.146439075469971,10.163270950317383,12.05709457397461,8.925326347351074,-11.328705787658691,7.081338882446289,4.484922409057617,8.115631103515625,-10.265603065490723,6.315090179443359,-1.4463574886322021,5.923770904541016,-9.069680213928223,5.628434658050537,-6.398550033569336,4.467255592346191,-8.888484001159668,4.92322301864624,-5.710446834564209,5.456263065338135,-16.34398651123047,5.262800693511963,37.036188250778245,11.419013861296108,13.1138927258467,14.158830276866224,15.070934156101416,14.413461591400385,47.753369458016685,2864.0139862977258,444.66647386253044,2834.1423122701035,6352.011590254934,0.1335109084752322,0.11803554743528366,0.31313860416412354,-19.44867515563965,-10.085268020629883,3.865267038345337,daily_dishwasher,N-10_220928_A_3_f_13104.wav
-101.75169372558594,12.606433868408203,67.6629867553711,7.756934642791748,0.30203160643577576,5.400486469268799,11.05988597869873,5.692039489746094,-15.341269493103027,4.614402770996094,-4.860418796539307,4.120903968811035,-12.379781723022461,3.927107334136963,-10.583320617675781,3.902418851852417,-14.990226745605469,3.9578475952148438,-12.893548965454102,3.5531187057495117,-20.099933624267578,3.393803358078003,-9.599353790283203,3.210517644882202,-16.259620666503906,3.305309295654297,38.38121866903512,11.363181209339748,14.035531917767536,13.476807998386933,13.703305548066103,14.586092540699234,46.25231700454365,3048.850777128403,235.38167903189765,2890.2371938958577,6681.29293246904,0.15581462848297215,0.0596788115799427,0.08266278356313705,-24.54575538635254,-21.65380096435547,1.0408076047897339,daily_dishwasher,N-10_220928_A_3_f_13848.wav
-135.6979217529297,20.621379852294922,68.83939361572266,9.974414825439453,2.4709460735321045,8.269579887390137,19.439376831054688,7.442668437957764,-15.714296340942383,5.819680690765381,-2.6652443408966064,5.123763561248779,-8.125154495239258,5.545787334442139,-10.385990142822266,5.299841403961182,-13.391072273254395,4.753917217254639,-12.103495597839355,4.664411544799805,-19.56865119934082,4.340003490447998,-9.390870094299316,3.869405746459961,-15.559056282043457,4.099963188171387,37.177576357712624,10.42937524426767,13.92862302960565,13.8779737748378,13.897031495546987,15.30390442152728,45.89126629772606,2959.051060699019,306.9320967565746,2824.8650395690397,6337.428345104489,0.1475856532991486,0.046013955026865005,0.07981856912374496,-26.86234474182129,-21.957921981811523,1.4766836166381836,daily_dishwasher,N-10_220928_A_3_f_13851.wav
-132.56646728515625,21.550703048706055,63.43306350708008,7.391829967498779,-11.794598579406738,8.102191925048828,-1.4375239610671997,6.626530647277832,-23.525663375854492,5.36414909362793,-8.786855697631836,4.680973052978516,-14.630245208740234,4.255775451660156,-15.696911811828613,4.494499206542969,-20.44403648376465,3.9876620769500732,-17.419721603393555,3.733372926712036,-23.780927658081055,3.8861589431762695,-16.366214752197266,3.7561581134796143,-20.77008056640625,3.5996997356414795,38.85993032153515,10.834553284564585,13.088730255201881,13.600210686090453,14.04736125067737,14.668709866884337,46.23483908806371,3002.236669334248,205.95007582219725,2852.0676575783727,6533.177161438177,0.15956139343072756,0.04372386634349823,0.10715994238853455,-27.35687828063965,-19.399351119995117,1.692468523979187,daily_dishwasher,N-10_220928_A_3_f_13854.wav
-120.7967758178711,15.396001815795898,66.63853454589844,7.530181407928467,5.458178520202637,6.672272205352783,19.68638801574707,5.981385231018066,-15.04709529876709,5.560657024383545,-5.864477634429932,5.037041187286377,-9.116424560546875,4.325395584106445,-9.306886672973633,4.48842716217041,-15.141485214233398,4.337456703186035,-11.404542922973633,3.9617440700531006,-15.862812995910645,3.572342872619629,-9.33293342590332,3.638247013092041,-13.301013946533203,3.4722068309783936,38.24365079426253,11.400600472656494,13.511984260592056,13.674625826447231,13.91440975250217,14.774131366191508,46.51362403498992,3021.4305431313787,226.5618569623204,2889.7957223281733,6559.1103379571405,0.14986379523026316,0.05330098047852516,0.08466939628124237,-25.550703048706055,-21.445472717285156,1.2135080099105835,daily_dishwasher,N-10_220928_A_3_f_13859.wav
-210.89744567871094,58.626625061035156,115.91216278076172,12.986187934875488,30.017866134643555,10.483717918395996,18.132932662963867,8.33228588104248,-9.556211471557617,8.60921573638916,8.361358642578125,6.662275314331055,10.823742866516113,6.717609882354736,7.797679424285889,5.347076416015625,-2.6327755451202393,5.516704559326172,-1.2351741790771484,5.181982517242432,-4.759214401245117,4.952091693878174,1.5615044832229614,4.738548278808594,-5.053919315338135,4.369035243988037,33.539269555132286,11.615984187645973,13.061401522185816,15.917084343992254,14.28830227862439,15.137103103999237,46.599571989783904,1788.2061119064979,374.4616720216622,2526.4141184099535,4416.289961965461,0.0486663723877709,0.055123817175626755,0.12785400450229645,-26.24816131591797,-17.865713119506836,4.37647008895874,daily_dishwasher,N-10_220930_A_3_f_13135.wav
-338.3706359863281,47.400917053222656,3.145401954650879,21.771005630493164,-44.768775939941406,17.533138275146484,10.553611755371094,10.31569766998291,-33.796566009521484,8.7592134475708,-10.412517547607422,7.251533508300781,-7.426529407501221,6.678745269775391,-0.45345398783683777,9.649751663208008,-13.382469177246094,10.190226554870605,-8.8779878616333,11.226381301879883,-18.06395149230957,14.81684684753418,0.0815824642777443,20.047138214111328,4.275564193725586,16.575464248657227,19.072218342630183,15.65447938855203,30.54426753994926,31.378495432722094,32.69759847467697,28.725595740500665,55.119993339621814,2681.3217806514826,479.33743742107254,1991.0390410291589,4506.756081595879,0.1677760074013158,0.051605768501758575,0.17046688497066498,-27.257734298706055,-15.367198944091797,5.661352157592773,instrument_violin,N-10_220908_A_4_a_14802.wav
-352.47198486328125,90.5456314086914,21.878881454467773,30.4051513671875,-34.24123764038086,26.379173278808594,8.177967071533203,11.788066864013672,-26.642196655273438,12.49794864654541,-8.312905311584473,8.766966819763184,-6.173473834991455,8.337242126464844,-1.0109984874725342,8.94991397857666,-6.222969055175781,12.110623359680176,6.647867679595947,12.958660125732422,0.914374828338623,13.292279243469238,4.423557758331299,17.42023277282715,-1.229089379310608,15.007438659667969,19.26075559228218,14.778728053843574,27.97632907173561,28.744617095278876,30.4802827652191,27.11303370349514,53.537348719234224,2674.9556068733236,589.5758532146475,2061.5739277929147,4584.005614478521,0.17034439701044893,0.048165276646614075,0.1615864485502243,-30.62380599975586,-15.831901550292969,11.051791191101074,instrument_violin,N-10_220908_A_4_a_14803.wav
-285.3805236816406,60.639713287353516,-4.727689266204834,22.663745880126953,-41.14369201660156,20.67938804626465,0.06958498805761337,12.475887298583984,-41.55181884765625,9.157546043395996,-10.363125801086426,7.569291114807129,-7.931519508361816,8.321003913879395,1.3704421520233154,13.966670989990234,-10.28770923614502,14.361933708190918,-9.59657096862793,13.108084678649902,-17.967281341552734,16.067262649536133,-1.675741195678711,17.63942527770996,4.672908782958984,19.47970199584961,19.131242586781287,16.03197412953119,27.73013900431672,31.041367845743128,32.43904620799809,28.600218787643467,55.80368026311163,3068.7836731040425,470.4070451950916,2185.8467767525526,5316.634517705108,0.18761488970588236,0.07367829978466034,0.16992275416851044,-23.86886215209961,-15.39496898651123,5.130446434020996,instrument_violin,N-10_220908_A_4_a_14804.wav
-333.8264465332031,45.994686126708984,19.001379013061523,23.13810920715332,-25.54079246520996,16.033411026000977,5.850697040557861,10.205571174621582,-20.124370574951172,8.4190034866333,-3.2517406940460205,6.749068737030029,-22.827110290527344,7.470554351806641,-5.808013439178467,5.874759197235107,-5.409383296966553,7.142981052398682,-0.3456194996833801,9.265348434448242,-21.168231964111328,8.187682151794434,-11.732034683227539,8.150757789611816,-6.628695964813232,9.77220630645752,12.75593527613535,17.776676295017133,31.687618426157666,32.14683154746177,33.89756879936453,28.0608134519754,56.01158381716939,2366.521644758898,393.9259150826207,2119.0403279365687,4448.439767559985,0.11978990300890092,0.05741192772984505,0.14964559674263,-26.4762020111084,-16.498722076416016,6.684035778045654,instrument_violin,N-10_220912_A_4_a_14184.wav
-375.5311279296875,58.02402877807617,9.265098571777344,15.221250534057617,-49.08104705810547,14.018397331237793,-15.47773551940918,7.176163673400879,-20.63071632385254,6.455591201782227,20.595064163208008,7.479557514190674,-0.97832852602005,6.432939529418945,-14.39159107208252,6.6284308433532715,-6.231810569763184,5.824836254119873,-4.006505012512207,7.716989994049072,-3.2696518898010254,10.369998931884766,33.029090881347656,8.403002738952637,24.562009811401367,9.099823951721191,12.564674716501786,11.192810313731691,31.655009689969464,34.56736716696983,33.212234302854355,28.642577660475744,55.776096585463776,2421.7979143615003,268.9410531514988,2027.031393794721,4396.573414522059,0.13086768938660992,0.0553622804582119,0.13047905266284943,-27.5677433013916,-17.689184188842773,8.903938293457031,instrument_violin,N-10_220915_A_4_a_14035.wav
-337.4375915527344,83.49988555908203,40.852691650390625,23.193477630615234,-57.285919189453125,24.694120407104492,-9.511926651000977,9.80467700958252,-14.952886581420898,9.529129981994629,6.158603191375732,8.27441120147705,-14.077675819396973,11.643948554992676,-7.373040676116943,6.911862373352051,-2.0721287727355957,8.146799087524414,-9.392772674560547,9.294694900512695,-11.50234603881836,12.58270263671875,21.366382598876953,13.038348197937012,9.655916213989258,11.974982261657715,14.308602895088866,17.928919360563178,27.47759307397386,28.17888730002628,29.353522229728505,24.122046426584003,52.01994458481643,2387.351017425378,454.9247924651805,2008.85151991351,4259.174245356037,0.14254486745356038,0.04040629789233208,0.1635129451751709,-31.778181076049805,-15.728958129882812,11.43938159942627,instrument_violin,N-10_220915_A_4_a_15016.wav
-318.7662658691406,70.108154296875,24.73222541809082,27.333831787109375,-68.13276672363281,21.430177688598633,6.066555976867676,10.90220832824707,-15.566985130310059,8.406180381774902,-4.886051177978516,9.211479187011719,-10.495819091796875,9.21859359741211,-3.5868871212005615,8.742213249206543,-0.8204895853996277,8.085577011108398,0.9926807880401611,11.449111938476562,-13.522819519042969,12.39926528930664,19.649982452392578,13.9428129196167,18.999601364135742,13.481196403503418,15.090791734759348,14.61909225093137,27.759460913954516,28.4649331416567,29.96310517414205,27.043924717313764,52.88755567476425,2557.363701791883,398.5485157455748,1845.9772207379413,4108.758488232876,0.16470044020897834,0.05111341178417206,0.1398770809173584,-28.663850784301758,-17.08506965637207,9.070963859558105,instrument_violin,N-10_220915_A_4_a_15021.wav
-321.41302490234375,62.75394821166992,62.44750213623047,19.402551651000977,-80.15083312988281,17.854761123657227,-13.331576347351074,9.279682159423828,-12.276073455810547,8.514896392822266,8.539440155029297,8.793643951416016,-10.450786590576172,6.9397125244140625,-11.022517204284668,6.9455671310424805,-7.1152424812316895,5.8619794845581055,-10.933411598205566,5.605325698852539,-7.776547908782959,5.611429214477539,1.9473687410354614,5.580541610717773,1.0956878662109375,6.533811569213867,13.200474171711667,26.388100950079902,31.007964990485753,29.767686593464088,28.527500505138853,21.978159151466805,47.5411030267301,1757.000629979763,348.79161267349474,1545.0406799626314,2626.984114986455,0.10878241099071208,0.06975545734167099,0.24266120791435242,-26.957006454467773,-12.299993515014648,11.389431953430176,instrument_violin,N-10_220915_A_4_a_15025.wav
-302.6738586425781,86.11859893798828,5.768828868865967,22.048444747924805,-50.298030853271484,23.168228149414062,2.020350456237793,13.528018951416016,-49.07917022705078,14.249061584472656,-26.64963150024414,8.979619026184082,-23.211301803588867,8.755022048950195,-13.736449241638184,8.446407318115234,-29.378767013549805,11.892126083374023,-23.39047622680664,14.276932716369629,-20.468599319458008,17.790998458862305,-1.3537523746490479,19.572345733642578,-0.8767785429954529,18.964040756225586,17.798854036175502,25.717557889058,30.547276620146796,30.178066792724895,30.166051394352493,27.524090404503188,54.46932701337944,2509.898221141432,517.0739205567787,2040.5911735255577,4491.589506639416,0.14389028637770898,0.08352725207805634,0.22878140211105347,-25.716663360595703,-12.811585426330566,14.838347434997559,instrument_violin,N-10_220916_A_4_a_14824.wav
-371.5594482421875,96.22683715820312,56.256439208984375,48.119510650634766,-98.77943420410156,40.021331787109375,-25.411027908325195,17.85155487060547,-14.156404495239258,16.14892578125,-20.722665786743164,17.215259552001953,-32.534244537353516,12.019820213317871,-16.76421356201172,12.173078536987305,-14.927793502807617,10.714256286621094,-23.347883224487305,9.822795867919922,-22.05832862854004,10.386849403381348,-9.999738693237305,11.850281715393066,-5.787801742553711,12.251015663146973,18.006037357231204,29.009916470252666,30.163124563890477,29.4258423268049,30.21134703333976,25.928933493019755,50.38433086961996,1835.366726703863,530.609374955247,1414.3339525443669,2787.6164769978714,0.1353166420762384,0.04517047479748726,0.13144069910049438,-31.77823257446289,-17.625404357910156,14.195877075195312,instrument_violin,N-10_220917_A_4_a_14048.wav
-332.7389831542969,52.35602569580078,21.861921310424805,24.97271728515625,-34.51598358154297,20.74416732788086,20.011051177978516,10.780122756958008,-12.252161026000977,8.69819164276123,-12.352228164672852,7.894245147705078,-16.072689056396484,9.069602966308594,-9.050663948059082,8.088663101196289,-9.546162605285645,8.58293342590332,-2.7866649627685547,8.097637176513672,-15.12890338897705,13.09854507446289,-4.069567680358887,15.416653633117676,2.143232583999634,17.117177963256836,15.52670517988603,21.965340838466318,33.31517946560151,33.40646736105024,33.41803060766404,31.040044882947385,55.03085972795633,2311.8932641397496,369.84980297163867,1944.0740595507896,4030.8756258465555,0.13657513786764705,0.06413181871175766,0.1405053734779358,-25.5859375,-17.046142578125,7.009795665740967,instrument_violin,N-10_220917_A_4_a_14225.wav
-320.4057312011719,55.301979064941406,39.14945983886719,21.200420379638672,-42.22883987426758,19.83306121826172,17.044389724731445,9.75095272064209,-45.953704833984375,9.846476554870605,-17.154632568359375,7.170251369476318,-17.779504776000977,6.995448589324951,-5.791885852813721,6.188797473907471,-12.15353775024414,10.280767440795898,-16.527095794677734,10.748496055603027,-20.480379104614258,11.47769832611084,-4.849832534790039,11.932026863098145,-10.383062362670898,14.268732070922852,21.844413062679823,19.482732088614128,28.424242887965054,29.190142089918467,27.13003157315064,24.264393393595558,53.307911394761426,2365.048062994342,431.74128156255443,2027.359967082413,4395.77341935952,0.11114294093459752,0.03829885646700859,0.08818254619836807,-29.261409759521484,-21.092348098754883,4.527711391448975,instrument_violin,N-10_221001_A_4_a_14916.wav
-425.6961975097656,56.16706085205078,170.9453125,31.944791793823242,27.076751708984375,15.278048515319824,25.41684341430664,9.518339157104492,37.02214050292969,12.282647132873535,13.311848640441895,9.903047561645508,7.115792751312256,8.028094291687012,5.808652877807617,7.984889030456543,-3.553717851638794,8.577193260192871,-5.960745334625244,9.176922798156738,-6.533063888549805,8.424671173095703,-8.558187484741211,6.6721906661987305,-3.908717155456543,9.063220024108887,23.990079379189233,19.870938970870196,24.650181305641986,23.379916648069166,24.807012666874012,18.859832662342644,44.49664179794763,546.7955505661297,145.34244920002226,979.655587152876,787.7952363099845,0.02994161788893189,0.039111845195293427,0.13220322132110596,-30.50402069091797,-17.575159072875977,7.4093146324157715,instrument_piano,N-10_220829_A_4_b_15928.wav
-426.1356506347656,61.052913665771484,153.13087463378906,37.49325942993164,24.392553329467773,15.011953353881836,25.98716163635254,12.770264625549316,43.51038360595703,13.99085521697998,22.43832015991211,9.862836837768555,1.8807520866394043,10.958499908447266,-3.809919834136963,7.9998955726623535,-1.9717252254486084,8.087141990661621,-3.5926177501678467,7.207315444946289,-13.265350341796875,6.12120246887207,-14.458281517028809,8.021039962768555,-3.84941029548645,7.664858341217041,22.6187207081508,20.489422954723103,26.159079247241156,22.66942990100017,27.14275840091085,17.51932117226626,44.57331659673876,645.7574504892505,310.3172450481913,1102.8677024205085,966.227490687887,0.0327488571497678,0.043233443051576614,0.15981893241405487,-30.800182342529297,-15.927436828613281,9.721182823181152,instrument_piano,N-10_220829_A_4_b_15929.wav
-339.0128173828125,73.26988220214844,181.43846130371094,31.804996490478516,-22.41352081298828,19.94571304321289,18.433696746826172,14.26252555847168,6.2467827796936035,12.767833709716797,-19.05785369873047,9.693933486938477,-10.46707820892334,9.137168884277344,0.15801359713077545,8.186627388000488,-0.35673803091049194,10.442688941955566,-3.644209146499634,9.365007400512695,-3.062805652618408,8.340184211730957,-11.582442283630371,8.691560745239258,-14.171306610107422,9.794001579284668,28.980375826608846,14.409022948352902,21.025360752470103,21.51385011145746,21.466496234779513,22.398624733650966,45.37794457208556,994.3176375194914,258.6733211188714,1142.4840080660488,1787.922522010449,0.057260424729102165,0.03996945172548294,0.1232612356543541,-30.90863800048828,-18.183469772338867,8.175562858581543,instrument_piano,N-10_220831_A_4_b_15333.wav
-226.7104034423828,53.27226638793945,175.81410217285156,30.097702026367188,-20.14356231689453,15.37073802947998,-2.195204496383667,15.595416069030762,3.9421088695526123,17.128738403320312,-14.044410705566406,11.840770721435547,-18.589597702026367,10.268336296081543,-13.779611587524414,9.556811332702637,-9.412148475646973,7.435505390167236,-6.71414852142334,10.2235746383667,-7.061882495880127,11.767126083374023,-8.678851127624512,11.039033889770508,-4.592554569244385,9.784880638122559,28.3104060186275,19.6216851002047,25.139721183089776,25.088884124006974,27.54487543644763,23.51618124203137,46.856735049702245,919.1928234178581,403.8319518118558,964.1731837464424,1562.2905530427631,0.05278199375967492,0.14957784116268158,0.4096194803714752,-18.07006072998047,-7.752388000488281,6.880258560180664,instrument_piano,N-10_220901_A_4_b_15050.wav
-236.04566955566406,59.06416320800781,170.73081970214844,26.834192276000977,-23.592079162597656,15.663385391235352,10.551724433898926,14.41109848022461,4.209344387054443,14.0978364944458,-15.992437362670898,13.303853988647461,-17.828758239746094,11.028419494628906,-19.360607147216797,8.941410064697266,-15.856938362121582,9.75629711151123,-10.568373680114746,9.435240745544434,-5.511662006378174,10.433828353881836,-8.50062084197998,8.934511184692383,-5.591400146484375,10.117744445800781,29.157242505604135,19.2871761100252,27.506650704335744,24.413969887202644,27.605396854476375,25.03414625423434,47.02432854213273,848.9370140106511,204.58714156541504,937.3237720769171,1440.9746199569465,0.04713576939821981,0.15641286969184875,0.3762408196926117,-17.371490478515625,-8.490682601928711,5.35339879989624,instrument_piano,N-10_220901_A_4_b_15054.wav
-237.4351806640625,71.32447052001953,167.8353271484375,34.74873733520508,-23.59474754333496,17.41358757019043,12.788651466369629,14.657167434692383,3.5077064037323,10.946404457092285,-9.430480003356934,12.233759880065918,-12.385766983032227,10.032317161560059,-21.597003936767578,10.302444458007812,-16.478097915649414,12.109585762023926,-13.44283676147461,9.339783668518066,-13.25663948059082,8.170988082885742,-7.037910461425781,7.456624507904053,-4.792494773864746,7.634169578552246,29.084751180998218,21.590670612902738,26.42782989496798,24.645479710386365,27.563700913243835,25.71781410387643,48.32936663055926,893.8317346801272,354.0471589585614,1015.8080062371369,1587.7570657169117,0.048104017511609906,0.1326812505722046,0.3974635601043701,-19.658893585205078,-8.014053344726562,8.815004348754883,instrument_piano,N-10_220901_A_4_b_15056.wav
-230.08946228027344,70.20869445800781,190.03640747070312,40.45050048828125,-17.963422775268555,20.34795379638672,-8.698568344116211,15.427818298339844,5.015407085418701,12.568904876708984,-4.5258684158325195,11.87968921661377,-1.1127129793167114,10.692464828491211,-11.143038749694824,9.949357986450195,-14.365068435668945,9.935922622680664,-8.06971549987793,10.031662940979004,-7.004266738891602,8.202003479003906,-8.2987060546875,7.1478447914123535,-9.27645492553711,8.21106243133545,30.597285376883125,20.797435755256974,24.350300054417037,24.86558324320907,25.913530633052684,23.69231537486776,43.167153936270466,842.169349333613,479.5770857828688,850.6876557580794,1483.241031044408,0.05098684210526316,0.17155258357524872,0.4480356276035309,-18.01605796813965,-6.973749160766602,10.50188159942627,instrument_piano,N-10_220901_A_4_b_15070.wav
-232.63844299316406,63.293251037597656,162.84286499023438,33.446571350097656,-26.301185607910156,14.02651596069336,4.823444843292236,15.159351348876953,-5.16811990737915,13.864768981933594,-12.61062240600586,11.624341011047363,-13.660177230834961,11.451659202575684,-20.91910171508789,9.821226119995117,-14.197770118713379,9.067123413085938,-8.563776016235352,10.52596378326416,-8.448051452636719,11.117582321166992,-5.808584690093994,10.503633499145508,-3.444171905517578,10.173925399780273,28.742431604827445,19.664896208153632,25.862473965232837,24.588731716346278,27.32903943645898,26.379935510427032,48.44577723782101,1010.6096938714129,455.23896616335844,1075.7128021395126,1761.5726813443305,0.05515612906346749,0.13284286856651306,0.3639008402824402,-19.60263442993164,-8.780339241027832,8.600617408752441,instrument_piano,N-10_220901_A_4_b_15071.wav
-248.01023864746094,72.16828918457031,169.5991668701172,38.604713439941406,-23.926969528198242,17.237810134887695,6.245371341705322,14.413633346557617,3.7334461212158203,14.066093444824219,-12.699024200439453,10.882452964782715,-14.711671829223633,11.374403953552246,-18.925512313842773,9.557267189025879,-14.123473167419434,8.182206153869629,-10.589229583740234,8.742268562316895,-6.946069717407227,8.32469654083252,-2.299288034439087,8.880191802978516,-4.883467674255371,8.797904014587402,28.679205649243233,19.6031614589951,26.18745863285789,24.796079688046817,27.25854522703104,25.351370424467785,46.42357975930423,958.2141424030779,413.07272211700604,1033.8989391927391,1694.7064190088042,0.05226574593653251,0.12442999333143234,0.35670965909957886,-20.638208389282227,-8.953702926635742,9.99081802368164,instrument_piano,N-10_220901_A_4_b_15073.wav
-471.0253601074219,49.675201416015625,131.57176208496094,27.296266555786133,-34.632667541503906,19.8972225189209,-60.05526351928711,19.786523818969727,-41.146751403808594,16.090282440185547,-38.4512939453125,10.380859375,-30.73817253112793,8.730852127075195,-18.6975154876709,8.447307586669922,-11.702740669250488,12.628740310668945,-7.591110706329346,14.088815689086914,-4.092103004455566,12.871021270751953,-2.5331480503082275,13.11147689819336,1.1467705965042114,13.64616870880127,16.170985415035968,23.868993974384146,26.83480909876917,26.592152942038336,27.53820089337254,22.472022136619177,40.714722560604585,883.1602409682258,103.63990095948219,648.9387018438726,1208.3926930147059,0.06411450270897832,0.02205292508006096,0.09820178896188736,-34.34452819824219,-20.157611846923828,4.734330177307129,instrument_piano,N-10_220908_A_4_b_15644.wav
-455.04754638671875,45.97262191772461,167.32469177246094,24.946857452392578,5.630658149719238,24.300609588623047,-14.876452445983887,9.751805305480957,3.679880142211914,12.100144386291504,-13.268872261047363,12.782975196838379,-19.517332077026367,9.571025848388672,-14.94073486328125,8.34426498413086,-19.788230895996094,6.814539909362793,-20.749977111816406,7.652461051940918,-16.056968688964844,6.5141682624816895,-17.312915802001953,7.241949558258057,-19.162294387817383,6.5124359130859375,26.557280904547298,21.320674456542367,26.17506217472466,26.084376465095204,28.420569383077495,21.88621151263171,41.41825682506278,684.6875463579387,115.72341055239673,701.8500339304875,1175.9428892342298,0.04249709752321981,0.017069343477487564,0.09058404713869095,-37.087642669677734,-20.858966827392578,5.365860939025879,instrument_piano,N-10_220909_A_4_b_15661.wav
-282.0530090332031,51.35342788696289,175.65965270996094,16.161169052124023,-39.21863555908203,15.428934097290039,23.223169326782227,15.315120697021484,9.505539894104004,11.147242546081543,-13.556105613708496,8.883726119995117,-6.354475498199463,8.095328330993652,-16.893430709838867,10.012869834899902,-8.435259819030762,6.703747272491455,-6.459094047546387,5.539661407470703,-15.431442260742188,7.558069229125977,-16.90416717529297,6.643360137939453,-26.86372947692871,8.356224060058594,37.05593582613495,17.976466890326748,22.789874607945592,23.32821984553751,25.14347489148686,24.89705439479922,45.57460058274434,905.536140919481,171.1496127494085,1078.8709064775464,1720.9062605819465,0.045232530717879256,0.0835503563284874,0.20208118855953217,-23.062591552734375,-13.889483451843262,5.61912202835083,instrument_piano,N-10_220923_A_4_b_15531.wav
-489.0472106933594,144.31298828125,37.83135986328125,45.14131546020508,-25.179079055786133,40.50843811035156,-32.91863250732422,40.934207916259766,-16.961650848388672,20.367252349853516,-7.457681179046631,13.026169776916504,-0.594990611076355,9.246602058410645,1.2034342288970947,7.565232276916504,-4.7436676025390625,13.41537094116211,3.5176823139190674,8.662813186645508,1.335410237312317,9.130331993103027,2.672567844390869,5.579076766967773,-4.659907341003418,10.327276229858398,13.655007918841807,10.985947598174587,17.12602211673893,15.479725984806127,16.823631894291843,16.346037090213326,47.14551946180547,2825.446482197852,1083.8399873394253,2561.6423186449947,5415.46725341041,0.178017819998065,0.02104765921831131,0.20916232466697693,-62.4570426940918,-13.590331077575684,24.596134185791016,pet_dog_bark,N-10_220912_A_5_a_16543.wav
-269.33319091796875,124.1767578125,90.09333038330078,49.998046875,-28.89009666442871,34.57108688354492,-20.12311553955078,38.53229904174805,-22.50918960571289,28.76507568359375,-13.513542175292969,17.61060333251953,-8.997169494628906,11.70490837097168,-1.015857458114624,10.440902709960938,-2.2010867595672607,14.19489574432373,6.188663959503174,12.484251976013184,1.387945294380188,12.328556060791016,0.394150972366333,11.374844551086426,-7.508090019226074,9.957176208496094,27.968729294185778,12.496229362170203,18.0785203887625,16.97034937989074,17.15564245081445,16.62820085803514,47.449731552687304,2283.344313342558,1124.3406312140241,2112.4868472828935,4293.9907014923565,0.12348451407701239,0.056873805820941925,0.23907577991485596,-31.910507202148438,-12.429288864135742,12.942185401916504,pet_dog_bark,N-10_220913_A_5_a_17134.wav
-539.749755859375,158.4920654296875,29.331716537475586,31.05410385131836,-23.557941436767578,45.61166763305664,-14.741070747375488,34.817779541015625,-5.7658371925354,14.947760581970215,-4.143824100494385,12.370381355285645,2.7859346866607666,12.652764320373535,2.1627461910247803,9.166020393371582,-2.511504888534546,10.141887664794922,4.2305908203125,10.07475471496582,-0.7100923657417297,7.593085289001465,-1.5793341398239136,7.034445762634277,-5.733604431152344,7.66498327255249,21.915179889083696,12.04740986158845,14.727993182553767,15.363860499209371,16.78779025329079,16.859550285153553,47.54386530299079,2654.0148812229113,526.6166418940581,2484.319821789969,5217.43511755031,0.14539594620743035,0.014266523532569408,0.17627543210983276,-65.23112487792969,-15.076164245605469,21.58527946472168,pet_dog_bark,N-10_220914_A_5_a_16548.wav
-544.2919921875,110.86518096923828,21.207578659057617,28.292680740356445,-18.744216918945312,34.15300750732422,-5.021727561950684,19.266685485839844,-3.694936752319336,12.352215766906738,1.0063480138778687,6.61274528503418,8.079610824584961,13.361047744750977,3.9292216300964355,8.759356498718262,-0.6224591732025146,8.193172454833984,0.11443430185317993,6.0459442138671875,-2.5080695152282715,6.34241247177124,-3.0344998836517334,5.893811225891113,-1.6623473167419434,4.921093940734863,22.8267094715733,12.416267882322895,13.230700975910219,14.486650791775103,15.461568603446603,16.165804385490095,45.755796826964804,2832.425276817303,561.6769519180649,2536.176672694521,5711.515463247388,0.16058859810371517,0.0072427052073180676,0.2638053297996521,-68.97236633300781,-11.574329376220703,16.61966323852539,pet_dog_bark,N-10_220914_A_5_a_16553.wav
-442.8224792480469,78.59264373779297,74.4452896118164,37.0113410949707,42.83112335205078,32.09714126586914,22.83811378479004,27.383840560913086,13.030205726623535,12.099047660827637,7.011585712432861,7.422068119049072,2.662867784500122,9.38670825958252,4.01824951171875,5.56598424911499,3.9426023960113525,5.253150463104248,5.263099670410156,4.362207889556885,2.95552396774292,5.2508721351623535,1.104553461074829,4.615393161773682,-0.3227882385253906,4.003179550170898,24.791805589975468,11.146912092299416,14.740036514446555,16.22017732365582,16.24441128956603,15.535282537768566,44.629056052061635,779.7688625974025,277.46484778375884,1495.4005644961755,1065.2602251838234,0.02474814967105263,0.01984412968158722,0.4638103246688843,-48.12321853637695,-6.673192024230957,11.989684104919434,pet_dog_bark,N-10_220915_A_5_a_16109.wav
-384.94964599609375,137.5070343017578,68.49615478515625,18.397689819335938,-18.75967788696289,51.753658294677734,-22.331642150878906,27.493314743041992,-4.9617438316345215,8.421042442321777,-0.4350009262561798,7.737886428833008,-0.10740415751934052,9.849790573120117,-0.058082133531570435,7.508424758911133,-2.806279420852661,7.338975429534912,6.673715591430664,11.42302417755127,0.18376313149929047,7.802366733551025,-1.5930943489074707,5.838449478149414,-5.269784450531006,6.730226993560791,26.36878655934232,10.932321272476395,16.69663233052035,15.479559494825919,17.775371955035627,17.36062643650131,47.18395120798682,2179.373844704277,234.04383783252817,2331.086425223858,4260.0742399138935,0.11181867380998452,0.03917825594544411,0.46008017659187317,-47.60047149658203,-6.743330001831055,17.31979751586914,pet_dog_bark,N-10_220915_A_5_a_16566.wav
-424.5960693359375,158.57711791992188,63.88353729248047,50.32486343383789,-30.221065521240234,46.096920013427734,-34.477577209472656,39.606204986572266,-18.79711151123047,20.606414794921875,-8.792180061340332,16.805538177490234,-2.830723285675049,10.986035346984863,-0.3517475426197052,8.053560256958008,-9.236490249633789,14.83499813079834,0.8378136157989502,6.606194972991943,1.981797695159912,5.374392986297607,2.031114339828491,5.26177978515625,-4.430877208709717,7.5969438552856445,21.347147614607607,11.589201029496952,15.28841267721671,14.727105058960488,16.356647255787248,15.772999059876975,46.77075803081992,2477.0581895179344,872.7401018816457,2355.109397582045,4950.053401037635,0.14663478981230652,0.03162459284067154,0.27759239077568054,-52.34452438354492,-11.13184928894043,23.438926696777344,pet_dog_bark,N-10_220918_A_5_a_16600.wav
-434.870849609375,166.9617919921875,61.806312561035156,48.81260299682617,-26.752727508544922,47.5061149597168,-34.253047943115234,39.92761993408203,-19.483352661132812,21.001134872436523,-8.779362678527832,14.83608341217041,-5.446011066436768,13.411873817443848,-4.8225483894348145,8.281712532043457,-10.807965278625488,14.00544548034668,2.367971181869507,7.735881328582764,4.097695350646973,8.194670677185059,4.234889030456543,7.8359174728393555,-4.464150905609131,6.225824356079102,19.15080611108761,11.340043425756896,16.108074683310225,14.922922178271046,16.76299678886649,15.934629009280014,46.57251335658401,2418.4976767134217,877.6413094247923,2322.723296765012,4795.77100062887,0.14265371033281735,0.04493541643023491,0.3455844521522522,-52.224544525146484,-9.228917121887207,24.023405075073242,pet_dog_bark,N-10_220918_A_5_a_16607.wav
-494.5421447753906,137.91246032714844,79.7827377319336,42.16754913330078,-18.470001220703125,50.653648376464844,-38.014888763427734,44.260746002197266,-21.025236129760742,20.900178909301758,-6.012589454650879,14.71509075164795,2.430330276489258,10.356781959533691,0.6080111861228943,5.618472099304199,-10.206990242004395,11.576799392700195,-1.7694873809814453,4.649389266967773,0.34868016839027405,4.978135585784912,2.3264589309692383,5.964513301849365,-3.0612168312072754,5.49652099609375,20.73533608585027,13.058890744789275,15.340668040894487,15.54920191416612,16.692560304169987,16.151097992914927,46.48807026035896,1873.410031081885,581.6330497925951,2041.9330331034555,3579.9450192289087,0.09890869896478328,0.019030217081308365,0.15794238448143005,-55.56755065917969,-16.030027389526367,20.365848541259766,pet_dog_bark,N-10_220919_A_5_a_16622.wav
-576.9486083984375,167.0719757080078,28.92612648010254,40.27779769897461,-7.143449783325195,32.38575744628906,0.668860673904419,26.678983688354492,-2.713405132293701,13.460066795349121,2.161771059036255,9.689215660095215,6.041074752807617,12.091394424438477,3.1492068767547607,8.06619644165039,2.89436674118042,9.598384857177734,4.354132175445557,8.199758529663086,-0.044862255454063416,6.835846424102783,0.34816473722457886,4.950931072235107,-2.5961062908172607,6.752504825592041,17.289162946217274,11.035534393103372,16.80263643969256,15.150628028537101,16.239226318341874,16.190740588372446,46.41318940909336,2968.9562780868423,806.8247794662348,2692.2112716982747,5883.181091875484,0.22536900759481424,0.010362253524363041,0.12912002205848694,-71.82764434814453,-17.780128479003906,24.208145141601562,pet_dog_bark,N-10_220920_A_5_a_16628.wav
-326.6112976074219,184.21365356445312,18.390321731567383,26.02744483947754,-49.42893600463867,35.572383880615234,-17.451011657714844,26.40827178955078,-11.769790649414062,14.611279487609863,2.335829734802246,9.586919784545898,4.879841327667236,13.400591850280762,8.84669303894043,9.142107963562012,8.302809715270996,11.330211639404297,8.116901397705078,11.295075416564941,-1.6251510381698608,8.57768440246582,-3.5995841026306152,6.454539775848389,-4.953551292419434,9.379100799560547,14.057311083800558,12.417714228323623,18.338301683319838,15.426082178855582,18.170627904142837,17.98326536937302,47.920509932920794,3173.2734442397095,591.7551375760373,2312.017761142259,5513.849991836784,0.2214128712751548,0.06818749010562897,0.509444534778595,-43.36824417114258,-5.858061790466309,21.89366340637207,pet_dog_bark,N-10_220921_A_5_a_16650.wav
-560.2628784179688,157.33746337890625,52.27606201171875,54.20197296142578,-24.618793487548828,37.34038543701172,-30.614194869995117,36.91903305053711,-14.054831504821777,19.63813018798828,-2.6567952632904053,11.358504295349121,1.0046144723892212,9.296751022338867,0.29397517442703247,6.211862087249756,-9.477123260498047,15.758008003234863,-2.4328253269195557,8.734416961669922,2.6234591007232666,6.922866344451904,3.7531867027282715,7.512182235717773,-2.8079447746276855,7.908200740814209,18.691851116795696,11.08306719103587,14.696791676148393,14.762324233272416,16.17728995813346,15.580540845752733,46.094327475025295,2660.686747111344,1029.5824910105216,2476.4930443403027,5152.935507570627,0.1569710840750774,0.01082796510308981,0.10389305651187897,-66.234619140625,-19.668270111083984,24.014957427978516,pet_dog_bark,N-10_220926_A_5_a_16704.wav
-343.4612121582031,78.88630676269531,59.7471809387207,26.920455932617188,-50.59247970581055,38.5730094909668,7.24418306350708,12.999869346618652,-3.281096935272217,9.152327537536621,11.5422945022583,8.749253273010254,-5.29202938079834,8.90572738647461,1.2986087799072266,5.757830619812012,-3.404404878616333,6.876645088195801,-2.9185597896575928,7.422496795654297,-2.6051206588745117,7.535414218902588,-5.4982171058654785,8.971376419067383,-11.605240821838379,8.295028686523438,27.63063998975369,13.271231055711603,15.307114264356805,16.399698746483935,17.99540211016363,16.372357649895495,49.95615221009003,2704.410693939446,585.7697173857175,2156.6527649750296,4924.436889270511,0.17258021115518576,0.03145810216665268,0.25339412689208984,-43.531211853027344,-11.924070358276367,18.920169830322266,pet_cat_cry,N-10_221005_A_5_b_18049.wav
-385.59710693359375,44.7387580871582,67.39692687988281,17.242835998535156,-18.053836822509766,17.64223289489746,6.551207542419434,9.059438705444336,-4.366177082061768,6.2715301513671875,6.088561058044434,4.8073296546936035,-2.897915840148926,7.578059196472168,1.3010058403015137,4.6869730949401855,-2.2344515323638916,5.962316513061523,4.074885368347168,5.620445728302002,-1.195847511291504,5.961507320404053,0.857903242111206,7.646767616271973,-9.674506187438965,7.932872295379639,28.037565421538392,12.45820714629646,14.733170473010931,14.7132000228213,16.012342142407824,15.283814157199783,46.78471981102277,2986.693645685912,448.84368427972464,2700.2416531340846,6204.779147216041,0.17287650565982973,0.0063948011957108974,0.06459814310073853,-49.146644592285156,-23.79560089111328,7.562870025634766,pet_cat_cry,N-10_221007_A_5_b_18058.wav
-399.9789123535156,97.24694061279297,60.88077926635742,25.918659210205078,-6.979409217834473,32.566558837890625,7.581820487976074,12.010730743408203,-5.224971771240234,12.609647750854492,0.9683797955513,9.620105743408203,-2.8891074657440186,8.499177932739258,0.19385384023189545,10.009376525878906,-3.4248924255371094,5.860844612121582,-0.7809640169143677,6.941250324249268,-2.5038540363311768,6.670660018920898,1.983453392982483,9.365489959716797,-5.517280101776123,12.010318756103516,23.116899932319928,11.183803197857207,14.804618997475272,16.303463149542296,17.9803728870517,16.768830601636957,46.95708586102013,3052.771128661666,411.204160999705,2764.335426751589,6493.327402404218,0.1642098913989938,0.0194071214646101,0.23492106795310974,-47.06712341308594,-12.581562042236328,14.14348030090332,pet_cat_cry,N-10_221014_A_5_b_17786.wav
-318.335693359375,65.36381530761719,91.60157775878906,20.778480529785156,-32.50204086303711,23.47641944885254,-8.875336647033691,14.013930320739746,-30.941726684570312,8.43407154083252,-10.524445533752441,10.862768173217773,-6.2289252281188965,8.238190650939941,-16.801273345947266,9.3991117477417,-16.474416732788086,7.580375671386719,-25.21690559387207,9.903911590576172,-20.003286361694336,8.099859237670898,-1.1951148509979248,9.687556266784668,-8.401679992675781,9.707091331481934,35.82604203960392,10.676201657865324,18.132332119325795,18.515966212125587,17.60901482354493,19.073344015232795,45.41668140607149,2075.47642133611,622.6524772115525,1989.2256597369842,3825.560200694176,0.12282163070820433,0.027100330218672752,0.2139187902212143,-38.281768798828125,-13.39502239227295,9.840597152709961,pet_cat_cry,N-10_221018_A_5_b_17816.wav
-346.6894226074219,61.2138671875,93.74890899658203,25.475536346435547,-11.795646667480469,15.35103988647461,3.50012469291687,11.413878440856934,-6.327576160430908,12.388869285583496,2.4515540599823,9.130191802978516,0.018891703337430954,8.23464584350586,10.420113563537598,11.773517608642578,7.509078502655029,9.071629524230957,7.952852725982666,10.547414779663086,-5.924270153045654,12.986785888671875,-4.6823015213012695,11.136394500732422,-11.13757038116455,9.649535179138184,27.1138623212635,10.735021842050203,13.670981473232075,19.6535732027312,18.745177044246187,17.434880929651715,47.73035615663737,2296.5705992353724,427.17484797394513,2403.8708444458657,4789.537704987422,0.11350422673181114,0.018027160316705704,0.13175489008426666,-40.835662841796875,-17.604665756225586,9.221516609191895,pet_cat_cry,N-10_221019_A_5_b_17580.wav
-363.7303161621094,82.93104553222656,99.42008209228516,31.28986358642578,-47.11614990234375,32.950626373291016,2.624258518218994,15.519543647766113,-2.609468460083008,14.596681594848633,5.862064838409424,9.776074409484863,-12.57992172241211,10.335497856140137,0.31953638792037964,8.68728256225586,-0.430344820022583,7.781787872314453,2.232297420501709,9.914118766784668,2.7919204235076904,10.30590534210205,-4.844447135925293,10.182197570800781,-3.3160979747772217,14.710976600646973,25.66163605612987,10.257069097451055,15.216068401614546,19.714918706117587,20.920039573513474,18.266904581878222,48.79129470241884,2106.364942698098,386.1391041278705,1902.3423613064422,3620.0114436193885,0.13278151001354488,0.021268391981720924,0.13161233067512512,-40.3054313659668,-17.61406898498535,11.196064949035645,pet_cat_cry,N-10_221019_A_5_b_17591.wav
-358.46905517578125,82.78569030761719,89.7135238647461,37.65897750854492,-28.624168395996094,32.73701095581055,4.016660690307617,13.921347618103027,-4.195014476776123,15.025928497314453,9.788581848144531,10.776183128356934,-11.51569652557373,9.795270919799805,6.14102840423584,10.222590446472168,-0.2610464096069336,9.04382610321045,3.183166742324829,11.903559684753418,1.5222617387771606,9.654382705688477,1.053069829940796,11.810315132141113,-4.565496921539307,10.621146202087402,26.10537683504961,10.744099169176673,14.780439951660563,18.381013406882897,19.24393953529327,17.430670289047274,49.68263029181891,2342.2272486282877,503.20742335118643,2214.4320744092997,4556.722446122775,0.13601127128482973,0.01852717064321041,0.13101153075695038,-42.02458572387695,-17.653810501098633,11.096742630004883,pet_cat_cry,N-10_221019_A_5_b_17597.wav
-439.994140625,116.98896026611328,46.692230224609375,40.94645690917969,-25.429866790771484,44.53619384765625,0.4478294849395752,16.10341453552246,-18.27369499206543,25.714534759521484,-1.2366927862167358,13.47343635559082,-6.294406414031982,16.424985885620117,-3.2361466884613037,11.621710777282715,-9.79500675201416,11.842265129089355,-10.8267240524292,14.505091667175293,-5.3948259353637695,14.886857032775879,-1.5547690391540527,13.669859886169434,2.6919078826904297,12.109695434570312,23.13537254371522,12.920101393270219,20.52763897333259,20.766626059827445,19.428403704519752,18.25960418455755,48.06454062899544,2533.1550123363722,802.7576433072671,2294.2030273786804,4909.536979368228,0.14185628507159442,0.03670070692896843,0.1440647542476654,-47.029109954833984,-16.828845977783203,21.801616668701172,pet_cat_cry,N-10_221019_A_5_b_17607.wav
-415.95025634765625,139.1239013671875,22.49811363220215,50.42581558227539,-28.442108154296875,52.620723724365234,1.731579065322876,16.325069427490234,-2.3209636211395264,13.771021842956543,10.306635856628418,11.470319747924805,-9.402527809143066,14.733344078063965,0.8721355199813843,9.254865646362305,-2.206625461578369,7.92701530456543,-2.849740982055664,8.051283836364746,-1.9791227579116821,9.122618675231934,-5.509531021118164,13.890609741210938,-3.4876887798309326,13.610629081726074,22.102519638835133,11.735635412356215,19.89012584048811,21.701106888127924,20.96127181325142,17.57009978645768,48.67123206354424,3047.813212676372,682.9515729149794,2580.172111714541,6238.212278383804,0.16830586058436534,0.03919867053627968,0.18820491433143616,-45.99587631225586,-14.507381439208984,20.815479278564453,pet_cat_cry,N-10_221022_A_5_b_17644.wav
-394.2684020996094,126.21724700927734,12.54860782623291,25.59964370727539,-37.97629165649414,58.52818298339844,-10.051060676574707,18.852264404296875,-8.49880599975586,16.184715270996094,-3.628722667694092,10.566697120666504,-9.806156158447266,17.039857864379883,1.6899091005325317,7.815216541290283,6.393054962158203,11.930761337280273,15.740185737609863,19.05364418029785,16.094379425048828,21.935283660888672,2.8134841918945312,11.394331932067871,-13.4102201461792,17.454408645629883,20.73511374850147,10.917623379766363,22.365266045864978,19.99315631560758,19.24858079401488,17.348630577163703,47.548694236637125,3534.4078716760014,1223.0354615625074,2544.317405955347,6406.944591415925,0.26274444296633126,0.09598861634731293,0.5055344700813293,-45.39302444458008,-5.924984931945801,24.507184982299805,pet_cat_cry,N-10_221024_A_5_b_17869.wav
-310.5122985839844,63.31486511230469,93.16731262207031,17.464345932006836,-20.87720489501953,16.880096435546875,-10.663435935974121,10.937520980834961,-7.079970836639404,8.042390823364258,8.526705741882324,10.610145568847656,-3.3902664184570312,9.830172538757324,4.687887668609619,4.6400017738342285,1.3318768739700317,4.9381866455078125,0.97504061460495,4.444780349731445,-5.412044525146484,4.201249122619629,-2.939760684967041,5.226040363311768,-6.34024715423584,4.788876533508301,30.311796868173477,12.262921882990467,14.246121799501225,15.291291512037276,16.750368981366194,15.010935549221783,46.08228277871038,2396.070351485817,444.82680486111326,2475.9504238003374,5124.15234828512,0.1269470781733746,0.014343753457069397,0.08369839936494827,-43.086700439453125,-21.545658111572266,20.93082046508789,pet_cat_cry,N-10_221028_A_5_b_17256.wav
-250.13433837890625,106.74500274658203,50.01983642578125,30.768978118896484,-16.187511444091797,34.99213790893555,10.11007308959961,17.948381423950195,-1.790379524230957,16.95214080810547,7.842196941375732,13.524404525756836,-4.170584201812744,12.076165199279785,7.175163745880127,7.448318004608154,1.1998460292816162,11.87270736694336,3.730116605758667,9.134262084960938,-0.1997532844543457,9.530065536499023,-1.1987097263336182,10.922760009765625,-3.4757776260375977,7.055231094360352,25.703703552247177,14.218741730652571,17.120849964410414,18.37546979618252,18.52958094102545,16.50847705713699,48.09172066191754,3141.2858612165387,929.3139993091924,2641.899220597611,6202.379161728425,0.16349561000386997,0.06519488990306854,0.3688479959964752,-31.585224151611328,-8.663052558898926,12.370750427246094,pet_cat_cry,N-10_221101_A_5_b_17566.wav
